driverId,name,ssn,location,certified,wage-plan
10,Margaret Mcdaniel,548-64-7772,"2214 Kristy Points
Salasshire, CO 07107",N,miles
11,Gary Brown,537-03-0868,"078 Joseph Villages
Stuartview, KY 90354",Y,miles
12,Heather Stanley,405-62-7734,"967 Janet Gateway
Lake Jamesmouth, VT 56080",Y,miles
13,Tracie Anderson,193-21-1027,"PSC 0281, Box 4367
APO AA 55126",Y,hours
14,Tonya Haley,313-96-6221,"877 Amanda Parks Suite 890
Kathleenchester, WA 92922",N,miles
15,Eric Shelton,309-08-5434,"69586 Wilkins Pines Suite 549
New Williamborough, AR 56384",N,hours
16,Kenneth Murray,751-70-9642,"131 Rose Rapid
Alexandramouth, MO 13513",N,hours
17,Melinda Phillips,007-94-5009,"PSC 9587, Box 5309
APO AA 65699",Y,miles
18,Kathleen Thompson,169-21-3152,"728 Hoffman Dale Apt. 022
Joseland, ME 71716",Y,miles
19,Brian Russell,027-79-9322,"639 Stephanie Street Apt. 275
Lake David, WV 44738",Y,miles
20,Karen West,383-55-0731,"Unit 6033 Box 5126
DPO AP 01009",Y,hours
21,Donald Rice,706-74-2336,"984 Martinez Squares Suite 557
North Victoria, TX 60643",N,miles
22,Steven Price,068-98-4002,"USNV May
FPO AP 95717",Y,miles
23,Denise Ramirez,170-78-2281,"6033 Patricia Corners
Cobbmouth, KS 80542",N,hours
24,Olivia Mendoza,238-08-4955,"013 Johnson Loaf
Lake Amyton, FM 34897",N,miles
25,Ryan Thornton,794-89-6669,"110 Joshua Forks Apt. 319
West Christopher, VI 78557",N,hours
26,Kristine Bennett,696-61-1976,"215 Hill Isle
New Deannahaven, AS 58227",N,hours
27,Heather Singleton,722-18-7456,"98313 Park Grove
Crystalville, TN 88769",N,miles
28,Katherine Morales,395-76-5599,"830 Vanessa Extensions
Lake Mary, VA 47049",N,hours
29,Kevin Gilbert,061-23-3889,"06626 Diane Turnpike Suite 346
New Ronaldville, AZ 26415",N,miles
30,Pamela Cole,714-72-0729,"883 Virginia Glen Apt. 331
West Kristintown, ID 56617",N,miles
31,Robert Mcgee,787-69-8118,"Unit 2376 Box 6977
DPO AE 26032",Y,miles
32,Patricia Miller,335-98-5684,"5060 Alvarez Burgs
North Pamela, MA 42985",Y,hours
33,Allison Hahn,746-05-0923,"2193 Ryan Islands Suite 029
West Stephenfort, CT 11933",Y,hours
34,Jennifer Dunn,527-20-4344,"32429 Bennett Rue Apt. 521
Burnsstad, NC 33493",N,miles
35,Michael Hobbs,633-77-8336,"4512 Haas Course
Lisaview, UT 44142",Y,miles
36,Christina Combs,181-76-7495,"9874 Sean Meadow Suite 754
West Gabriel, MP 36443",Y,miles
37,Jill Howard,738-50-5305,"69732 Peterson Loop
North Geraldfurt, MH 78123",Y,hours
38,Sarah Wolfe,619-08-5715,"653 Mcdowell Tunnel Suite 851
Jonathanborough, CT 81732",Y,hours
39,Mr. Nathan Harrington,055-49-5177,"3668 Clark Road
East Paulland, LA 51161",N,miles
40,Valerie Holmes,077-87-9324,"86273 Ross Mount Apt. 005
Port Samanthachester, PW 54477",N,miles
41,Donald Schmidt,271-06-2266,"05693 Matthew Overpass
South Brian, NV 65494",Y,hours
42,Leah Cross,797-23-5658,"PSC 2098, Box 3431
APO AA 36803",N,hours
43,Michael Crane,534-95-4343,"5902 Kevin Burg Suite 758
Port Sharon, MS 16194",N,hours
44,Karen Baker,285-72-4868,"8602 Katrina Corners
Suetown, RI 98476",N,hours
45,Michael Anderson,644-86-9127,"8632 Shaffer Ridge Suite 022
Johnborough, GA 23861",N,miles
46,Samuel Williamson,411-63-4028,"931 Brenda Cliff
Elizabethfurt, OK 07346",Y,miles
47,Mandy Skinner,433-47-7459,"9497 James Highway
South Kaitlynmouth, DE 95878",Y,hours
48,Breanna Clark,873-92-2672,"937 Bishop Road Apt. 591
Port Sarahborough, MS 88140",Y,miles
49,Jacob Mendoza,313-98-3563,"469 Gina Rue Suite 751
Haynesmouth, OH 96004",Y,miles
50,Cindy Johnson,278-40-4164,"5415 Delacruz Parks
New Anthony, NM 16791",Y,miles
51,Natasha Choi,329-43-2011,"Unit 2401 Box 1798
DPO AE 77373",Y,hours
52,Darrell Henry,230-19-8486,"142 Foley Plaza Suite 121
Port Alexandraville, AK 20811",Y,hours
53,Calvin Mack,611-40-5306,"330 Sean Heights
South Marie, RI 26379",N,miles
54,Samantha Higgins,829-94-6597,"5598 Christine Wells
Port Zacharymouth, TX 46465",N,hours
55,Ricardo Summers,777-65-3066,"05329 Vincent Forest
South Michaelstad, SC 97985",Y,miles
56,Jessica Bell,893-21-1030,"5326 Brown Prairie Suite 480
Port Julia, NE 41106",N,miles
57,Michael Fisher,654-54-1961,"159 John Roads
North Laurie, ME 54299",N,miles
58,Jennifer Schmidt,026-43-3961,"96056 Gina Place Suite 651
Kathleentown, NM 86752",Y,miles
59,Mary Richardson,355-64-9038,"54053 Young Oval
Nicholsville, MI 23205",Y,miles
60,Rebecca Moss,270-64-2049,"8826 Bailey Squares Suite 146
Kennethborough, NJ 73628",N,miles
61,Marc Wise,739-33-5987,"83265 Jackson Union
Alvarezmouth, AS 31228",Y,hours
62,Cassidy Rodriguez,069-39-1142,"8526 Bird Dam Suite 200
New Jamesland, ME 50160",Y,miles
63,William Carey,554-84-2233,"PSC 3311, Box 5948
APO AE 93321",Y,hours
64,Christopher Frye,507-96-6454,"6382 Andrew Walks
Deckerchester, PR 43053",Y,miles
65,Nicholas Robinson,394-70-7021,"3099 Carter Course
New Julie, OH 10734",Y,miles
66,Amy Klein,712-41-8384,"5185 John Road
East Andreaburgh, KS 03367",N,miles
67,Louis Stevenson,719-22-5040,"PSC 0903, Box 9618
APO AA 31184",Y,hours
68,Robert Frazier,791-42-3195,"7720 Russo Bridge
West Kristen, KS 14392",Y,hours
69,Adam Guerra,439-90-7541,"63010 Shelton Greens
Blackland, ID 16326",N,miles
70,Rebecca Bailey,120-54-3152,"007 Hodges Viaduct
Jessicaborough, MA 46137",Y,hours
71,Julie Hubbard,867-57-4120,"1611 Abigail River Apt. 588
East Sherrimouth, NY 13137",Y,hours
72,Jennifer Bean,813-57-4389,"0932 Joseph Groves Suite 852
North Paulmouth, ID 43497",Y,hours
73,Kaitlyn Sherman,455-94-7011,"315 Rebecca Mountain
North Nicholasmouth, TX 58985",Y,hours
74,Zachary Fuentes,346-16-4373,"4664 Stacy Center Suite 442
East Randalltown, TN 12270",Y,miles
75,Jeanette Joyce,728-28-2627,"80675 Connor Village Apt. 566
Willisbury, MP 99723",N,hours
76,Angela Welch,845-75-2228,"0917 Austin Wells
Lake Ericaport, LA 69443",Y,hours
77,Samuel Green,836-59-4620,"925 Peterson Curve Apt. 643
Shannonchester, WV 81108",N,miles
78,Mrs. Lisa Thomas PhD,474-47-1341,"198 David Springs Suite 767
East Christineshire, WI 70343",Y,hours
79,Tracy Weiss,896-27-1053,"9120 Joseph Route
West Tiffanyville, NH 96689",Y,hours
80,Mary Moore DDS,781-48-3422,"Unit 0619 Box 0258
DPO AE 85165",N,miles
81,Julia Delgado,143-10-3295,"933 Lowery Bypass Suite 708
West Jessicaside, DE 22828",Y,miles
82,Jeremiah Hicks,595-06-1097,"40490 Melissa Village
Anthonyside, TN 32193",Y,miles
83,Amanda Hansen,734-99-6036,"9330 Rogers Lock
Charlesmouth, GA 15166",N,hours
84,Terry Burke,832-07-1026,"4331 Williams Viaduct Apt. 064
Fernandezstad, KS 66186",N,miles
85,Rachel Brown,722-78-7761,"778 Gonzalez Vista Apt. 216
East Patricktown, IA 05579",Y,miles
86,Jennifer Castro,021-72-3801,"5767 John Village
Morrisonmouth, MA 55284",N,miles
87,Grant Rodriguez,079-01-9451,"8719 Kevin Fall
South Jeremy, AL 31793",Y,miles
88,John Ward,661-47-6913,"USNS Tucker
FPO AA 31498",Y,miles
89,Christine Farmer,555-84-2881,"1320 Duarte Curve Suite 989
Smithland, RI 63512",Y,hours
90,Julie Fleming,691-52-1725,"13983 Matthew Valleys Apt. 286
West William, KY 25382",N,hours
91,Emily Davis,705-03-4383,"24488 Jessica Springs Apt. 052
West Amyview, SD 96717",N,miles
92,Bryan Obrien,796-01-2063,"2240 Werner Heights Suite 142
Hooverbury, LA 45620",Y,hours
93,James Bennett,419-34-9728,"21278 Kimberly Summit
South Jefferyville, VI 47212",Y,hours
94,Emily Harris,624-98-1323,"38119 Townsend Ville Suite 676
Obrienfurt, IL 54181",Y,miles
95,Kenneth Rose,385-55-9614,"490 James Turnpike Suite 419
Barnetttown, AR 24431",Y,miles
96,Amanda Wright,500-19-9790,"706 Ashley Forest
Coreyfurt, CO 49535",N,miles
97,Peter Sanchez,127-92-2361,"479 Thomas Landing
South Paul, MD 96585",Y,miles
98,Ashley Thompson,250-83-3729,"01534 James Pines Suite 687
Carterside, PR 77631",N,hours
99,Robert Stewart,576-86-5447,"7422 John Parks
Port Joelside, PW 95579",Y,hours
100,Adam Garcia,227-46-4385,"111 Paul Mews
New Paulfurt, MS 58340",Y,hours
101,George Martin,325-43-9069,"0156 William Curve Suite 964
Avilahaven, IA 14716",Y,hours
102,Sydney Swanson,102-44-4604,"7707 Chris Corners Apt. 781
Amandaview, UT 58789",N,miles
103,Kimberly Eaton,143-99-6504,"PSC 9756, Box 2642
APO AP 56219",N,hours
104,Elizabeth Scott,774-98-2374,"303 Daniels Flat
East John, PA 50258",Y,hours
105,Joshua Rivas,831-73-1791,"33528 Lewis Manors Apt. 583
Browntown, AL 06158",Y,hours
106,John Meyers,369-59-9461,"7808 Harrison Key
Melanieside, OH 31723",Y,miles
107,Mary Burke,877-64-5508,"4035 Jacqueline Throughway
Silvafort, CO 68190",Y,hours
108,Ryan Allen,855-72-7348,"Unit 0899 Box 0040
DPO AA 22591",Y,hours
109,Michele Wiley,302-82-5060,"PSC 8657, Box 1855
APO AA 12780",N,miles
110,Roberta Kim,791-93-4219,"0784 Donald Square
South Stephaniechester, NC 33764",N,miles
111,Dawn Rhodes,419-13-0358,"62729 Carrie Gardens Apt. 572
South Michael, PA 25087",Y,miles
112,Eric Jones,531-22-1971,"7756 Garner Forge Apt. 013
Lake Erica, PA 28635",Y,hours
113,Kimberly Jordan,777-08-7262,"702 Angela Branch Suite 163
Lake Devinhaven, WI 25161",N,miles
114,Jamie Tapia,187-95-5750,"543 Kayla Alley Suite 474
North Ryan, MP 17095",N,hours
115,Denise Hernandez,116-43-9653,"73066 Melissa Trail
Johnside, WI 72767",Y,hours
116,Nancy Ware,625-58-3845,"9935 Cook Mount
Abbottfort, MN 97918",N,hours
117,Kimberly Lawson,565-03-6331,"5971 Amanda Rapids Apt. 222
Youngland, SC 11548",Y,hours
118,Tyler Ellis,602-94-8187,"PSC 8828, Box 3083
APO AA 53890",Y,hours
119,Virginia Bradley,229-69-2922,"8286 Angela Springs
Bateshaven, WY 17242",N,miles
120,Mark Hogan,658-71-3861,"967 Nelson Dam
Williamsville, AZ 99664",Y,miles
121,Melissa Edwards,889-88-7889,"374 Kaufman Spring
Elizabethstad, OK 23850",N,miles
122,Kevin Camacho,414-35-8193,"854 Miller Point
Lake Anne, OR 75201",N,miles
123,Cristian Schultz,319-36-6674,"4031 Gardner Inlet
New Matthewstad, NY 27446",Y,miles
124,Patricia Colon,183-93-6592,"436 Benjamin Manor Suite 447
Lake Paulbury, TN 95704",N,miles
125,Gail Burke,633-90-0664,"79095 Curtis Ferry Suite 323
Mckinneyberg, PA 15937",Y,miles
126,William Gibson,035-63-1988,"Unit 3178 Box 0953
DPO AA 06507",N,miles
127,Paula Dominguez,151-35-7172,"788 Debbie Highway
Mosleyborough, PR 93506",Y,hours
128,Russell Armstrong DVM,503-02-3206,"170 Brooks Green
Moralesburgh, IL 33151",N,hours
129,Erik Kelly,064-61-7212,"414 Chavez Centers Suite 929
Lisabury, NC 48103",Y,hours
130,Cheryl Harper,490-72-3978,"240 Clinton Route
Ortizport, WA 52042",N,miles
131,Travis Burns,696-14-5096,"23345 Woods Fords
Port Michael, MN 87982",Y,hours
132,Samantha Jenkins,708-31-3174,"84870 Turner Pike Apt. 386
New Christopherfort, HI 23887",N,hours
133,Hunter Garza,262-35-4294,"98841 Lawson Fort Suite 374
South Thomasfort, WV 25649",N,hours
134,Gregory Soto,110-26-1937,"2694 Gonzales Burg
Curtismouth, UT 16182",Y,hours
135,Melissa Martinez,322-65-2057,"03287 Andrea Lakes Suite 795
Christophermouth, MP 96587",Y,hours
136,Steven Arnold,852-59-1132,"0053 Osborne Street Apt. 314
Arianaview, AZ 50066",Y,hours
137,James Dixon,250-99-8362,"5861 Massey Avenue
Lake Brian, RI 46002",Y,hours
138,Rachel Garcia,875-22-9237,"48435 Black Corner Apt. 405
Bryantfort, NH 50798",Y,miles
139,Tanya Price,631-05-7346,"662 Bruce Track
Smithside, VA 40729",N,hours
140,Mark Munoz,090-98-5161,"5222 Kurt Stream Apt. 371
Lake Allison, NV 67171",N,hours
141,Kevin Bates,382-97-6735,"25470 Spencer Lights
Stevensfort, PW 28419",N,hours
142,Sara Davidson,277-16-0488,"04116 Reed Crossing Suite 538
Port Alexanderborough, UT 41766",Y,miles
143,Tammy Brandt,258-38-3198,"63182 Jeremy Isle
Melissaview, OH 08203",Y,hours
144,Rhonda Turner,265-66-9133,"7138 Anderson Harbor
Port Johnview, OH 96946",Y,miles
145,Robert Jones,735-06-6808,"41377 Henderson Vista
Pruittfort, AL 65394",Y,miles
146,Blake Preston,076-91-1895,"01461 Barbara Curve
Rachelchester, MO 76457",N,hours
147,Sandy Tran,820-76-1393,"25279 Kevin Court Suite 514
Davisport, KS 61631",N,miles
148,Laurie Ferguson,784-48-8819,"26499 Murphy Mount
Aliciaborough, WI 90565",N,miles
149,Frank Smith,789-87-1224,"9343 Yoder Port
Nancyhaven, NY 04508",Y,hours
150,Gregory Martin,027-10-7910,"27463 Waller Islands Apt. 186
Gomezmouth, SD 51150",N,miles
151,Amy Freeman,639-65-1359,"8747 Moore Way
North Beverlyview, ND 31910",N,miles
152,Karen Johnson,179-02-5330,"074 Jackson Squares Suite 569
Popeshire, NY 87635",Y,hours
153,Patricia Jones,605-52-2051,"Unit 1982 Box 8910
DPO AE 03499",Y,miles
154,Timothy Khan,049-70-2482,"157 Timothy Place Suite 263
Danielletown, ME 02384",N,hours
155,Latoya Bryant,766-17-6511,"524 Jessica Courts
Michaelland, MT 61648",N,hours
156,Mary Moody,892-65-6458,"Unit 3603 Box 1298
DPO AP 87731",N,hours
157,Douglas Levine,816-49-2483,"Unit 3404 Box 4591
DPO AE 21469",N,miles
158,Michael Terry,625-35-5418,"PSC 2562, Box 9481
APO AE 90082",Y,hours
159,Vincent Brown,207-92-2535,"4144 Anna Mission Suite 450
Barnesport, NJ 85929",N,miles
160,Curtis Cox,854-33-8111,"999 Fowler Hollow
Christineland, VI 70416",N,hours
161,Julie Bennett,634-19-1063,"7138 Alvarez Roads
Chavezbury, NC 86627",Y,hours
162,Daniel Golden,417-52-0972,"40301 Dylan Path Apt. 851
Kramerhaven, PW 51419",Y,hours
163,Katherine Henry,580-64-6495,"Unit 0938 Box 9402
DPO AE 81396",Y,miles
164,Emily Benjamin,328-47-2433,"USS Jenkins
FPO AP 98060",Y,hours
165,Anne Martinez,803-37-0839,"005 Victoria Lights
Willieport, MA 38662",Y,hours
166,Amy Watson,166-46-3841,"51804 Brandy Island
Wellsland, RI 99676",Y,hours
167,Anthony Wilson,208-71-8175,"8908 Adrienne Lakes Apt. 869
Castilloside, LA 80307",Y,hours
168,Jodi Vazquez,389-99-0520,"655 Gomez Manor
Laraton, NH 03340",N,miles
169,Mrs. Megan Bowen PhD,285-53-5014,"4546 Perry Islands
North Elizabethshire, PW 04142",N,hours
170,Heather Black,331-83-1842,"929 Wilkins Center Apt. 624
Port Michellehaven, SC 06356",N,hours
171,Edward Perez,068-72-1091,"529 Kenneth Ports Suite 295
Shawnmouth, FL 30139",Y,hours
172,Mark Cain,345-72-2477,"74281 Jeremiah Crescent
Melissabury, IL 62289",Y,hours
173,Louis Brown,582-95-7972,"4972 Owen Mills
Brownland, MD 54445",Y,miles
174,Tony Scott,890-76-7060,"83210 Tanner Square Suite 070
South Brenda, CO 76074",Y,miles
175,Timothy Fuller,895-03-1103,"393 Michelle Path Apt. 556
Nicholastown, AL 40229",Y,miles
176,Marilyn Henderson,018-44-9817,"161 Marissa Lights
New Codyfort, WY 92390",Y,miles
177,Stephanie Harris,710-78-5647,"499 Barnes Corner Suite 819
Meganfort, NM 59819",N,hours
178,Tonya Anderson,022-07-2983,"5147 Elizabeth Crossroad
Alishaside, PW 15218",Y,miles
179,Jordan Berger,176-82-3332,"36630 Hoffman Via Apt. 024
Cassandraland, PR 83259",N,hours
180,Natalie Ramsey DDS,277-71-2630,"264 Parker Glen Apt. 278
Haleyville, AK 66591",N,hours
181,William Stevenson,436-24-7829,"659 Kayla Causeway
Davidton, UT 59737",N,miles
182,Sharon Martin,390-32-3222,"379 Todd Port
Kingville, MH 80414",Y,miles
183,Joseph Hatfield,483-79-3381,"2631 Shane Views
Josephfurt, UT 64012",Y,hours
184,Laura Rivera,692-76-8486,"20160 Michael River Suite 279
West Kristineborough, IN 98038",Y,miles
185,Taylor Klein,461-58-1249,"584 Tiffany Ridge
South Christopher, AL 43550",Y,hours
186,Vincent Davis,763-65-3673,"1226 Hartman Glen Apt. 792
West Christopher, MA 13291",Y,miles
187,Angela Cole,797-24-9209,"Unit 2112 Box 7907
DPO AE 69461",Y,miles
188,Alexa Burns,239-93-5906,"725 Vasquez Expressway Apt. 821
South Rodney, RI 18164",Y,miles
189,Dana Gonzalez,078-58-1062,"0381 Reyes Ville
Port Jacobmouth, DC 51549",Y,hours
190,Isaac Winters,790-47-0949,"561 Sims Inlet Apt. 316
North Tracymouth, MD 60921",N,miles
191,Robert Murray,500-51-2493,"5389 Taylor Fort
East Sara, MH 86445",Y,hours
192,Kylie Travis,740-32-6275,"82762 Katie Vista Suite 371
West Robert, UT 93774",N,hours
193,Amanda Robinson,678-70-2313,"0602 Cortez Stream
Lake Jim, MP 83000",N,miles
194,Kayla Pacheco DDS,516-03-0247,"94058 Bradley Spring Apt. 051
Patricialand, PW 25583",N,miles
195,Tara Hernandez,763-37-9189,"83762 Turner Pine
Stephanieburgh, WY 88855",Y,hours
196,Hannah Perez,381-03-1393,"3653 Wells Creek Suite 031
Griffinport, OH 81205",Y,miles
197,Jodi Smith,518-50-6556,"654 Osborn Well
Schaefertown, NM 71559",N,hours
198,Robert Jimenez,154-60-5133,"46835 Young Motorway
Andreaberg, ID 62611",Y,hours
199,Stephanie Hicks,120-60-3787,"7254 Nicholas Alley Apt. 116
Meganville, TX 90419",N,miles
200,Joshua Collins,131-41-6771,"42376 Turner Station Apt. 409
New Nicole, ME 73035",Y,miles
201,Jennifer Caldwell,586-50-7856,"Unit 6749 Box 0840
DPO AA 78461",Y,miles
202,Leah Rivas,808-41-9307,"65276 Rowe Trafficway
Deleonton, OH 13372",N,miles
203,Jeff Farmer,787-83-3311,"573 Haley Pass
Christopherburgh, MS 08749",N,hours
204,Peter Murray,401-33-2904,"PSC 8569, Box 5056
APO AP 16620",N,miles
205,Sarah Norman,560-51-4520,"8262 Collins Via Apt. 993
Lake Andreastad, MH 12573",Y,miles
206,Amber Pennington,353-96-6297,"111 Keith Curve
Barberhaven, NV 47204",N,hours
207,Kristy Sanchez,406-16-9785,"56115 Jeffrey Locks
East Thomas, NJ 43280",Y,hours
208,Mindy Watson,036-43-2672,"16741 Young Centers
Damonstad, IA 76948",N,miles
209,Mark Fletcher,894-91-1893,"99840 Taylor Islands Suite 240
Lake Patrickfurt, NJ 57787",Y,miles
210,Robert Munoz,144-87-7104,"9053 Chandler Village Apt. 736
Milesfort, GU 81533",N,hours
211,Margaret Williams,158-65-4635,"33664 Lee Ranch
Bankston, MD 42881",Y,miles
212,Shelley Gonzalez,846-84-1059,"27711 Adams Lodge Suite 688
Batesview, PW 67035",N,miles
213,Nicholas Lewis,695-23-6641,"85555 Michael Road
Elizabethshire, MD 92871",Y,miles
214,Nathan Williamson,065-81-2794,"3046 Anne Shoal
New Victoria, SD 03066",Y,miles
215,Robert Pratt,178-27-6924,"625 Beverly Glen Suite 577
East Joshuamouth, AZ 34939",Y,hours
216,Susan Pratt,021-02-9680,"508 Jason Port Suite 904
Port Kimberly, KY 30253",N,hours
217,Leslie Bryant,170-64-9284,"PSC 3502, Box 1658
APO AA 64442",N,hours
218,Randy Sharp,248-02-7900,"2702 Curry Pines Suite 654
Lake Jill, IN 56430",Y,hours
219,Thomas Galvan,329-03-6834,"2064 Nguyen Junctions
West Sharon, NV 59811",N,miles
220,Kimberly Edwards,082-49-3342,"0908 Vargas Plain Apt. 247
North Stephaniehaven, OK 30036",Y,miles
221,Cindy Riggs,479-48-4252,"722 Hicks Turnpike
New Nancy, WI 35355",Y,hours
222,Matthew Andrews,003-05-8293,"06721 Dorothy Terrace Apt. 690
Amyview, CA 68720",Y,hours
223,Martin Turner,265-31-2619,"13760 Chelsea Bypass
Allenshire, RI 37452",Y,hours
224,Peter Page,672-56-6101,"282 Pruitt Alley
Port Evanborough, ME 99629",N,hours
225,Ronald Alvarado,301-06-3722,"0766 Andrew Street
West Stephanieshire, TX 17936",N,miles
226,Tiffany Ross,759-84-4750,"01228 Hill Hollow Suite 539
South Christianmouth, AZ 40912",N,miles
227,Sarah Walker,890-04-8782,"7905 Jeremy Pass Suite 015
New Angelahaven, NV 52270",N,miles
228,Jennifer Mcconnell,837-05-3282,"3129 Brooks Crescent
West Melissa, AK 11872",Y,miles
229,Steven Grant,104-90-8722,"2622 Brown Coves Suite 730
Jacksonshire, MN 87010",N,hours
230,Belinda Ramsey,683-53-3770,"5030 Mccall Avenue Suite 649
Autumnmouth, WA 38441",N,hours
231,Catherine Silva,223-28-8138,"970 Murray Island
Fostermouth, OK 63544",Y,hours
232,Angela Robinson,683-33-3628,"6461 Hamilton Wall Apt. 912
Matthewview, NC 07795",Y,hours
233,Sara Davila,833-06-1365,"28103 Richard Pike
Jonesport, OK 42205",Y,miles
234,Nicholas Ellis,138-38-1356,"44186 Kelley Garden
Hopkinsville, CT 06632",N,hours
235,Cheryl Jones,604-98-2606,"478 Paula Rest
Hopkinsberg, AR 77410",Y,hours
236,Jeffrey Parrish,614-24-0761,"USNS Mosley
FPO AE 06470",N,hours
237,Charles Orr,749-63-4748,"PSC 5439, Box 2486
APO AE 50035",Y,hours
238,Crystal Liu,503-66-9527,"4373 Johnson Stravenue Suite 172
East Andrewtown, OH 13930",Y,miles
239,Robert Robinson,450-92-3812,"45490 Nancy Causeway Suite 856
Shafferfort, SC 38980",N,hours
240,Ricky Shaw,415-27-6722,"9046 Houston Creek Apt. 931
New John, MO 58057",Y,hours
241,Sherry Williams,078-43-1837,"830 Hobbs Springs
New Kaitlin, VT 73189",N,miles
242,Parker Moore,787-07-8905,"19229 Carlos Turnpike
Kellyville, NC 03600",Y,miles
243,Albert Wilson,327-62-0719,"8706 Steven Dam Suite 947
New Sarah, GA 35501",N,miles
244,Samuel Anderson,337-20-9482,"5179 Patterson Meadow
West Sarahshire, IL 73791",Y,hours
245,Andrea Lee,107-56-4765,"34609 Eric Alley
Bellburgh, ID 73307",Y,hours
246,Rachel Stevens,280-40-7683,"737 Lopez Loop Apt. 973
East Nicholas, DE 68993",Y,hours
247,Mrs. Jessica Morales,274-84-5029,"0673 Donna Corner
Martinport, CA 04291",Y,hours
248,Cory Stafford,687-23-8201,"6421 Smith Gateway
Lopezview, FM 67427",N,hours
249,Roy Sanders,392-90-8131,"Unit 1939 Box 6227
DPO AE 99418",N,miles
250,Melanie Hernandez,236-57-3460,"13265 John Trace Apt. 682
South Victoriafurt, AL 90799",Y,hours
251,Matthew Fields,231-85-4893,"99672 Sanchez Manors Apt. 625
Perezton, IN 60932",Y,miles
252,Ryan Silva,566-47-3492,"1455 Evan Lakes Apt. 227
Tuckerport, SD 03761",N,miles
253,Felicia Ramirez,492-35-1936,"790 Reed Plaza Suite 971
East Robert, WV 49068",Y,miles
254,Penny Vance,381-53-3700,"26945 Reyes Ranch
Comptonfurt, MT 18142",N,miles
255,Monica Bowman,654-65-9683,"5583 Harris Track
West Paulburgh, SD 13954",Y,miles
256,Jason Larsen,431-86-8936,"3679 Bass Valleys
North Georgemouth, PW 63354",N,miles
257,Donald Gonzales,520-53-2172,"USS Adams
FPO AA 94342",N,hours
258,Nicole Navarro,379-46-6841,"3321 Jennifer Plain
Baileyville, AR 36805",N,miles
259,Amanda Martin,192-68-2864,"635 Horton Ramp Suite 592
South Amymouth, TN 16235",Y,miles
260,Ethan Smith,297-26-0140,"9260 Tara Pike
Port Kristen, NC 66918",Y,miles
261,Susan Garcia,067-94-5754,"950 Mason Courts
Lake Danny, WY 39665",N,miles
262,Andrea Sanchez,462-17-7751,"9671 Cynthia Canyon Suite 547
East Jamie, HI 40946",Y,miles
263,Mark Cunningham,043-17-5539,"90445 Tiffany Crossing Apt. 373
Coffeyton, WY 12494",Y,hours
264,Ashley Lopez,558-12-9852,"400 Noah Stravenue
Port Nicholastown, KS 65433",Y,miles
265,Jade Fletcher,580-80-4034,"9147 Fields Union Suite 542
Lake Jennifer, OH 59262",N,hours
266,Anna Long,649-78-6188,"080 David Ports Suite 111
Bakermouth, TN 83315",Y,hours
267,Elaine Banks,244-96-5968,"8835 Camacho Route Suite 432
Heatherberg, IN 61665",Y,miles
268,Jessica Stephens,170-88-9455,"239 Frank Corners
New Ryan, CA 22089",Y,miles
269,Jeffrey Foster,863-30-2312,"75034 Kramer Path Suite 996
Port Joseph, NM 50913",Y,miles
270,Dennis Fuller,685-63-0625,"42015 Anderson Mews Suite 807
Matthewfurt, FM 72447",N,miles
271,Jamie Brown,077-81-3516,"99215 Perez Manor Apt. 036
Emilyland, PW 41833",N,miles
272,Jesse Brown,541-09-7863,"591 Miller Heights Suite 339
Markville, AK 02011",Y,hours
273,Caitlyn Hughes,701-80-9251,"54467 Hall Stream
Fieldsport, ND 59800",Y,hours
274,Morgan Jones,178-04-7236,"918 Andrew Squares
Donaldfort, CT 87949",N,miles
275,James Jones,633-02-9688,"92772 Morales Island
Fosterstad, PW 04165",N,hours
276,Christopher Cooke,219-06-7576,"Unit 7803 Box 0973
DPO AP 42474",Y,miles
277,Randall Vaughn,381-97-7981,"39362 Warren Islands Apt. 826
Port Kayla, MD 00613",N,miles
278,Miranda Vaughn,795-62-2854,"4165 Yesenia Club Apt. 049
Jeffreyberg, DE 10282",Y,miles
279,Brad Quinn,872-23-1687,"037 Barbara Cliff Suite 445
Cassandrastad, AS 64614",N,miles
280,Joshua Brown,134-04-7136,"709 Clarke Lodge
South Derek, GU 65216",Y,miles
281,Amanda Long,471-19-7409,"51089 Dunn Trail
North Meganburgh, IA 89546",N,miles
282,Mr. Joseph Francis,488-70-1920,"659 Thornton Inlet Suite 863
Stevenville, CT 80019",N,miles
283,Matthew Gillespie,717-51-1588,"1982 Lawrence Garden Apt. 880
Spenceshire, KS 09792",N,miles
284,Denise Nelson,347-82-1868,"26428 Hernandez Extensions
Cindyshire, GA 16402",Y,miles
285,Natasha Munoz,168-01-8815,"068 Jones Mount
Michaelhaven, WA 15897",Y,hours
286,Kathleen Reyes DVM,230-59-8468,"77142 Gabriel Falls Suite 575
Braunland, VT 23644",Y,hours
287,Robert Wood,238-95-6683,"4150 Garcia Ville Suite 946
North Jennifer, WA 99497",N,hours
288,Michael Anderson,279-02-4191,"62966 Marie Lock
Port Erikaview, CO 78191",N,miles
289,Gregory Mendez,184-63-6394,"57563 Judy Square
Owensport, SC 92793",Y,hours
290,Maria Heath,526-17-4571,"PSC 0055, Box 2519
APO AE 58467",Y,hours
291,Elijah Miller,354-49-3067,"028 Jonathan Pines
North Daniellestad, VT 11043",Y,hours
292,Todd Morgan,386-36-8925,"329 Dean Well Suite 240
South Corey, MN 83947",N,miles
293,Jonathan Serrano,086-25-8172,"5907 Paul Rapids
Port Scott, NC 72048",Y,hours
294,Nicholas Ortiz,367-72-3718,"2379 Shelley Fall Suite 199
North Richard, ME 59667",N,hours
295,Peter Gutierrez,182-82-7364,"1062 Burnett Knolls
New Crystalburgh, DE 15442",Y,miles
296,Bailey Chen,060-13-1251,"626 Robinson Manors Apt. 979
Devonport, ID 90855",N,hours
297,Anna Young,144-68-2796,"50651 Whitaker Forks
Marquezfort, DC 36479",Y,hours
298,Marcus Hill,366-38-2173,"59942 Love Orchard
Lake Adrian, CO 68489",Y,miles
299,Steven Fisher,496-53-6495,"769 Sara Plain
West Brandon, GA 18509",Y,miles
300,William Ruiz,050-37-1775,"2041 Sherry Trail Suite 219
East Joshuaborough, SC 47587",N,hours
301,Belinda Fowler,180-60-1646,"3694 Hanson Stream
North Daniellefort, NH 84009",Y,miles
302,Linda Cook,492-70-7463,"42148 Taylor Village
Youngmouth, ND 50051",Y,hours
303,Kimberly Olson,792-97-2101,"440 Moran Unions
West Eric, TX 40408",N,miles
304,Sandra Dixon,216-63-6258,"Unit 7037 Box 2896
DPO AA 40968",Y,miles
305,Tiffany Henderson,151-35-3383,"0358 Flores Islands
South Kennethview, NC 23272",N,hours
306,Jennifer Jones,323-60-3220,"99441 Robinson Mountain
East Brenda, MI 81902",Y,miles
307,Michele Valencia,719-08-8880,"3023 Russo Courts Apt. 097
North Joshuaview, FL 32528",N,miles
308,Daniel Smith,470-45-4852,"57649 Hughes Fords Suite 287
West Christopherside, CA 06139",Y,hours
309,Natasha Jacobs,537-22-5033,"08919 Fuentes Fords Apt. 132
Lake Nicole, SD 56517",Y,miles
310,Kimberly Peters,678-37-6428,"65723 Fisher Branch Suite 999
Kellymouth, ID 48003",Y,miles
311,Jacob Mckay,405-48-1527,"833 Matthew Mountain
East Nathan, ME 54821",Y,miles
312,Sean Hendricks,469-92-5258,"8529 Timothy Cliff Suite 593
Robinland, ME 03319",N,miles
313,Courtney Foster,335-78-9891,"2410 Christine Throughway
Humphreymouth, IA 42871",N,miles
314,Mark Mcmillan,360-71-3665,"Unit 0940 Box 5198
DPO AA 81401",N,hours
315,Matthew Russo,566-98-4682,"688 Graham Green
Travismouth, OK 14605",N,miles
316,Gary Robinson,555-68-6873,"168 Michelle Squares Apt. 680
Devinport, VA 56145",Y,hours
317,Kathleen Howard,722-68-3642,"26918 Matthew Spurs
Juliestad, CO 65302",Y,miles
318,Joseph Cortez,477-01-4591,"41252 Crystal Shores Apt. 467
Markfort, VI 25943",Y,miles
319,Jeffrey Bradley,123-52-9971,"55825 Hawkins Lodge
Martinezport, IL 10271",N,hours
320,Michael Morgan,707-36-6159,"3708 Diana Square Suite 484
Ryanchester, MI 12729",Y,miles
321,Nichole Gray,488-28-9982,"49290 Hansen Prairie
Lake Faith, WV 04908",Y,hours
322,Travis Jones,690-29-1218,"10047 Christopher Lake Apt. 406
Amandaton, AL 26785",Y,hours
323,William Sims,545-34-9649,"652 David Avenue Suite 234
Beckymouth, IA 88075",N,hours
324,Christine Brown,436-53-4455,"USCGC Gonzalez
FPO AA 31150",N,hours
325,Charles Miranda,882-32-2819,"4461 Rachael Glens Suite 121
North Shawn, FM 42331",N,hours
326,Lisa Hoffman,748-61-2408,"885 Amanda Courts
Baileymouth, MI 55571",N,hours
327,Jacob Carter,616-92-8749,"90702 Erika Plain Apt. 407
Andersonburgh, AZ 30259",N,hours
328,Samantha Ellis,743-90-3138,"136 Rachel Trail Suite 211
Port Annaberg, NJ 53944",Y,hours
329,William Mccarty,210-70-7264,"045 Jimenez Flat
East Kristinatown, WA 03178",Y,hours
330,Jacqueline Jimenez,316-35-5717,"8315 Lawrence Spur
Port Katie, RI 88560",N,hours
331,Erin Kelley,878-53-3307,"1179 Lam Curve Apt. 098
Luisstad, MH 26418",Y,miles
332,Anna Allen,088-63-2339,"867 Rodney Manors
Bryanchester, AK 64715",Y,hours
333,Natalie Ingram,769-48-7202,"8256 Miller Estate Apt. 658
Adamsfurt, HI 61992",Y,miles
334,Mike Castaneda,621-15-5979,"210 Elizabeth Mills
Cisnerosborough, IN 06433",Y,miles
335,Joshua Wright,264-88-9427,"41093 Doyle Avenue
Ramirezshire, MA 02220",N,miles
336,Barbara Sharp,382-94-8598,"PSC 0187, Box 1685
APO AE 19395",Y,miles
337,Aaron Johnson,890-60-3856,"68762 Jones Isle Apt. 523
South Katie, AS 15893",N,hours
338,Anne Lewis,557-80-9821,"USS Morton
FPO AP 74797",Y,miles
339,Julie Steele,182-19-2153,"USS Baker
FPO AE 24312",N,miles
340,Aaron Pollard,140-09-8399,"149 Crystal Stream Apt. 055
South Joshualand, IL 30123",N,hours
341,Jamie Cross,837-04-6902,"86955 Sarah Branch Apt. 898
Oscarfurt, OH 10196",N,hours
342,Gerald Wolf,122-75-1051,"86903 Mendoza Crescent
Garyhaven, OR 85893",Y,hours
343,Matthew Hunt,265-63-0173,"56074 Gomez Locks
West Jennifermouth, MA 18280",Y,hours
344,Jorge Santana,889-27-4218,"658 Harrison Prairie Suite 511
Mikeburgh, IL 27606",Y,hours
345,Caroline Garcia,161-64-7401,"974 Brown Freeway
Lake Carlosstad, NJ 47843",N,hours
346,Thomas Daniels,204-62-4085,"858 William Grove Apt. 885
Georgeland, AS 78308",N,miles
347,Jamie Harvey,085-83-0097,"0670 Amy Roads Apt. 607
Daleburgh, IL 94645",N,hours
348,Dave Rodriguez,783-98-0006,"054 Reginald View Suite 156
New Williamview, MN 09751",Y,hours
349,Eric Deleon,238-73-1515,"21760 Lewis Mews
Annetteburgh, CT 96167",Y,hours
350,Dr. David Gregory,117-54-3098,"497 April Camp
Rachelburgh, ID 44148",N,hours
351,Lisa Turner,577-07-9759,"27263 Carl Shoals Apt. 316
East Anthony, VI 87742",N,hours
352,Zachary Porter,410-58-3460,"12853 Jonathon Harbors
Kellyburgh, FL 61268",Y,miles
353,Amanda Diaz,219-66-0319,"53883 Brian Row
Fitzgeraldfurt, SD 18998",Y,miles
354,Brian Hicks,861-90-3701,"311 Jeff Heights
Blackton, WV 97299",N,miles
355,Steve Brown,671-85-3501,"1659 Jason Fields Suite 169
New Charlesport, CT 26846",Y,hours
356,Casey Pacheco,713-79-9620,"02725 James Light Apt. 143
Port Erin, RI 45704",N,hours
357,Daniel Bradley,330-28-4212,"503 Lewis Junctions
Lake Timothy, LA 08994",Y,hours
358,Lisa Jones,571-11-0789,"6786 Lopez Meadow Suite 783
Melissashire, VI 45059",Y,hours
359,Robert Chang,375-07-2949,"5498 Joshua Springs
South Heather, VT 55536",N,miles
360,Mrs. Kimberly Martin,868-02-6004,"153 Mosley Skyway
Birdside, CA 78032",N,hours
361,Kevin Kane,356-99-4112,"2990 Susan Road Suite 157
East Willie, MT 16763",N,miles
362,Kaitlyn Dennis,126-62-8647,"Unit 7282 Box 6317
DPO AE 79968",Y,hours
363,Lauren Hull,059-44-5892,"847 Christopher Wall Apt. 001
Shawton, ID 35113",Y,hours
364,Tracey Russell,502-84-4098,"101 Warren Parks Apt. 978
New Shannon, MN 89599",N,miles
365,Brandy Mcmahon,584-54-7695,"55952 Joanne Spur Apt. 089
North Julie, NY 82028",Y,hours
366,John Jones,349-70-5757,"USNV Schultz
FPO AP 04346",Y,miles
367,Latasha Maynard,386-70-9731,"9956 Daniel Park
Port Jennifermouth, OH 89403",N,miles
368,David Mcneil,456-89-8437,"906 Kenneth Ranch Suite 589
East Sherylmouth, VA 94895",Y,miles
369,Jose Wang,841-32-8864,"76965 Morgan Passage Suite 473
South Austinshire, KS 06258",N,hours
370,Gary Hess,430-45-0597,"45046 Bailey Underpass
South Kathy, MS 16839",N,hours
371,Joshua Norris,243-88-9823,"4622 Love Lake
West Debra, IA 74846",Y,miles
372,Charles Malone,143-91-2571,"97230 Ronnie Plains
North Stephen, FL 21987",N,miles
373,Mr. Daniel Lopez,211-22-5055,"980 Ayala Curve
Boydville, RI 51793",N,miles
374,Kevin Contreras,554-64-5753,"125 Derrick Trafficway Apt. 835
New Robert, WY 78829",Y,hours
375,Brad Powell,446-53-6264,"9058 Thomas Ridges Apt. 003
Sarahstad, SD 64376",Y,miles
376,Melissa Rodriguez,061-63-6115,"2220 Bruce Manor Suite 391
Vargasborough, MH 85717",N,miles
377,Jerry Holmes,843-18-2582,"78438 Rowe Corners Suite 436
Ramirezberg, PA 00598",N,hours
378,Debra Cook,414-78-8646,"02688 Omar Mountains
Atkinstown, AL 10197",N,hours
379,Crystal Martin,548-42-9001,"0273 Heather Corners
Justinton, ND 67183",Y,miles
380,Denise Schneider,087-78-3491,"017 Mason Rest
Mooreshire, DE 62875",Y,hours
381,Justin Bennett,140-10-3117,"050 Michael Turnpike
Angelahaven, DE 81479",N,miles
382,Luke Weber,373-34-0458,"9945 Pennington Station
Port Meganhaven, AS 22426",N,miles
383,Selena Cox,184-37-9926,"152 Gina Grove Suite 909
Ryanport, KY 96132",N,miles
384,William Rivera,075-62-6745,"410 Mary Road
Watsontown, SC 54384",N,miles
385,Patrick Taylor,877-92-0980,"3717 Jack Club
East Brianstad, ID 23343",Y,hours
386,Joan Carter,228-33-6463,"9142 Santiago Forges Suite 413
Harrisside, MD 63890",Y,hours
387,John Brown,393-18-5804,"259 Horne Islands
Williamport, NE 51012",N,miles
388,Angela Morton,285-74-8228,"760 Jessica Square
South Tiffanyville, FM 10619",N,miles
389,Jacob Gallegos,555-52-3891,"9745 Jeff Keys
Jasonview, MT 23087",N,miles
390,Susan Guzman,688-44-3178,"4058 Donna Isle
Stacyview, ND 81091",N,hours
391,Robert Frost,799-03-7136,"69930 Brandy Lock
Port Cynthiaberg, DE 12148",N,hours
392,Jerry Marshall,533-37-0094,"58501 Tanya Tunnel
Brownview, KY 77859",N,miles
393,Nicholas Henderson,011-74-7126,"789 Dillon Brook
Williamborough, DE 84839",N,hours
394,Sean Esparza,387-64-4174,"92586 Anthony Lodge
Davismouth, WV 95577",Y,hours
395,Duane Rivera,181-85-2079,"1800 Elizabeth Squares
South Edwin, FL 64102",N,hours
396,Sheri Salazar,617-27-5871,"853 Pollard Freeway Apt. 777
South Sandraberg, KY 66491",Y,miles
397,Amber Woods,019-34-7365,"6549 Mitchell Drive Apt. 560
Raymouth, MO 08763",N,hours
398,Teresa Bryan,665-23-3120,"6050 Brendan Key Apt. 844
North Earltown, CO 49184",N,miles
399,Kristina Taylor,751-49-3952,"USNS Lawson
FPO AA 34324",N,hours
400,David Quinn,808-58-4465,"67898 Murphy Plains Apt. 704
Nelsonborough, MH 17200",Y,hours
401,Elizabeth Kramer,223-35-1277,"2470 Lawrence Glens Suite 654
South Maria, FL 99143",Y,hours
402,Robert Odonnell,607-45-9269,"09812 King Unions Apt. 722
New Morgan, CO 32843",N,hours
403,Toni Taylor,511-66-7671,"520 Mayo Knolls
Benjaminmouth, MS 19141",N,hours
404,Frank Johnson,334-23-8420,"07761 Bowen Mountain Suite 416
Hughesstad, PA 33300",N,hours
405,Patrick Brown,520-08-9119,"85045 Young Via Suite 494
Nicholasfurt, OH 03661",N,hours
406,Shawn Ramos,653-98-8727,"89971 Richard Glen
Amandatown, CA 01640",N,hours
407,Gary Williams,719-75-7202,"5060 William Highway Suite 152
Huangberg, LA 24311",Y,hours
408,Megan Young,724-69-0201,"2951 Hubbard Shoals Apt. 634
Davidshire, TN 53891",Y,miles
409,Amy Hanson,809-03-2560,"PSC 8453, Box 2353
APO AP 37878",Y,hours
410,Timothy Campbell,684-57-2019,"11231 Johnson Track Apt. 217
Juanville, VA 75807",N,miles
411,Erin Fitzgerald,111-54-3421,"60292 Brittany Creek
Williamville, VI 47444",Y,hours
412,Mark Nelson,496-33-8654,"209 Massey Terrace Suite 191
West Monicahaven, MN 20608",N,miles
413,Christine Pearson,706-60-3027,"PSC 7233, Box 9998
APO AE 14577",N,miles
414,Stephanie Boyd,856-30-7265,"514 Elizabeth Causeway
Mooreview, WA 53147",Y,miles
415,Patricia Long,270-75-4460,"15625 John Circles
Lake Laurafort, VT 61517",Y,hours
416,Shawn Roberts,779-99-0896,"6120 Hernandez Overpass Suite 530
West Christophertown, ND 28541",Y,miles
417,Robert Wallace,536-56-9015,"88447 Watson Plains
Jamesmouth, OH 52064",N,hours
418,Erin Coleman,277-60-2789,"9462 Jimenez Course Suite 346
Lake Dianechester, NH 30030",Y,miles
419,Peter Frazier,390-98-3319,"8607 Carter Drives Suite 086
North Crystalfurt, SD 78248",N,miles
420,Daniel Foley,667-96-0635,"91187 Karen Canyon
Lake Karlland, MT 73977",Y,hours
421,Alyssa Craig,574-01-6013,"8382 Patricia Trail
Schmittburgh, DE 64223",Y,miles
422,Brianna Thompson,432-37-1014,"7572 Gutierrez Island Suite 477
Davidland, AK 45088",Y,miles
423,Misty Fletcher,042-48-1947,"2700 Allen Unions Suite 383
Tammyborough, RI 72732",N,hours
424,Amber Mcdonald,702-33-2248,"470 Martha Centers
West Michelleshire, IA 39691",Y,miles
425,Alan Gonzalez,332-70-3969,"89165 Christopher Mountains Apt. 366
North Ashleystad, TX 18197",Y,hours
426,Joshua Gentry,713-18-3455,"195 Munoz Estate Suite 959
Samanthaborough, MS 43090",Y,miles
427,Stephen Lawrence,507-81-5257,"4808 Joel Junction
Jerryland, AZ 12565",N,hours
428,Steven Smith,721-69-5992,"09829 Alexandra Centers
North Lesliemouth, MO 28198",N,hours
429,Laura Leon,566-17-4013,"79121 Sampson Skyway Apt. 547
Santosview, CA 62985",N,miles
430,Gabriel Mata,743-61-2782,"08493 Robert Point
West Jamiehaven, NH 82878",N,hours
431,Steven Wallace,051-53-0364,"87547 Adam Curve
South Valerie, AL 89176",Y,hours
432,Ruth Hoover,868-49-4619,"USNS Chavez
FPO AA 31383",N,miles
433,Christine Jones DVM,359-15-4692,"840 Martin Hollow Apt. 743
Laurenview, PW 86856",N,hours
434,Daniel Williams,597-49-3787,"127 Young Junction Apt. 590
Valeriefort, HI 89033",N,hours
435,Jamie Rodriguez,685-99-2665,"980 Reilly Lights
New Kennethhaven, HI 27632",N,miles
436,John Lopez,533-19-7666,"459 Larson Avenue Suite 896
New Carriechester, VT 05140",Y,miles
437,Ann Jones,036-20-7676,"828 Spence Spur
Coryhaven, WY 48996",N,miles
438,Janet Stark,853-73-6967,"31098 Alexander Gateway
North Nataliemouth, WV 28820",Y,miles
439,Adrian Wilkins,785-52-8347,"4938 Phillip Branch Apt. 764
Kennedyshire, GA 09435",Y,miles
440,Misty Gordon,599-99-9236,"77495 Steven Courts Suite 323
Arielchester, NJ 42124",Y,hours
441,Laura Ross,479-49-9967,"583 Lopez Garden Apt. 770
Shannonmouth, NC 83077",N,miles
442,Ebony Hernandez,656-84-7939,"PSC 6706, Box 8936
APO AA 31984",N,miles
443,Brandon Wilson,814-37-8895,"647 Jones Mountains Apt. 776
North Elizabethmouth, OR 55661",Y,miles
444,Rachel Mitchell,091-66-9937,"801 Hernandez Island
West Zachary, IA 58804",N,hours
445,Jessica Orozco,675-50-6015,"5402 Jones Mount Suite 474
Bridgetside, AZ 50440",N,miles
446,Christopher Page,420-85-0015,"905 Monica Extension
Obrienburgh, ME 04600",Y,hours
447,Sabrina Shaffer,767-37-4497,"266 Davis Hollow
Martinezstad, DE 65214",Y,miles
448,Dana Burnett,264-43-2800,"Unit 7426 Box 4107
DPO AP 46023",N,miles
449,Amanda Dorsey,206-25-5911,"6462 Sara Bypass Suite 965
West Richardland, LA 92512",Y,miles
450,Mitchell Thompson,152-32-4194,"3359 Underwood Ranch
West Jessica, AZ 99332",Y,miles
451,Laura Wilson,368-15-2294,"583 Christopher Garden Suite 589
Kristiton, KS 62907",N,miles
452,Angel Rios,788-09-3152,"989 Arroyo Union
Aaronton, RI 47766",N,hours
453,Michael Roberts,803-69-0643,"6562 Russell Mountain Apt. 506
New Alexanderland, FL 82423",N,miles
454,Rebecca Gray,283-48-3232,"1456 Marshall Extensions
Andersonburgh, IA 73033",N,miles
455,Linda Bailey,035-36-6796,"4590 Johnson Mountain
Marciamouth, NJ 83278",Y,miles
456,Angela Montoya,516-57-1151,"100 Wright Manors
Michaelberg, MD 78589",N,miles
457,Charles Flores,802-30-4775,"637 Jennifer Light
West Danielleburgh, PR 84343",Y,miles
458,Rita Smith,612-09-4457,"03887 Raymond Plain Suite 147
Lisaton, MP 30847",Y,miles
459,David Ramirez,506-02-3576,"427 Wilson Stream
New Adam, TX 89455",Y,hours
460,George Odom,006-40-9539,"3787 Sheena Islands
Rachelport, GA 76638",Y,hours
461,William Fisher,366-95-5902,"5605 Henderson Ridge Suite 004
East Robertobury, VT 29078",N,hours
462,Brian Bailey,572-65-6503,"23539 Vicki Inlet
Kingstad, IL 27234",N,hours
463,Jason Lynch,187-28-3318,"493 James Roads Apt. 474
Penafurt, MO 51538",Y,miles
464,David Kelly,034-31-0308,"660 David Port Apt. 016
West Zachary, ND 63447",N,miles
465,Jonathan Knight,619-72-9585,"25144 Jessica Ramp Apt. 330
Lunaburgh, OH 12811",N,miles
466,Vanessa Buchanan,378-47-4090,"6183 Sheri Route
Brendaborough, CA 16473",Y,hours
467,Brooke Boyer,223-99-6295,"18395 Becker Plain Suite 877
Port Leahberg, SC 04830",Y,miles
468,Justin Hill,094-84-5761,"946 Alexandria Curve Suite 883
Matthewfort, VI 53087",N,miles
469,Beverly Hart,644-14-5265,"53004 Bowman Courts Suite 595
North Matthewland, OR 50621",Y,miles
470,Alexandra Stephens,663-37-9820,"57270 Gallagher Burgs Suite 893
Bobbyborough, KY 18691",Y,hours
471,Tracy Riggs,321-26-2847,"956 Campbell Plain
New Jessica, MP 70730",Y,miles
472,Justin Hayes,813-94-0278,"2499 Cisneros Extension Suite 032
Hickmanfurt, FL 58651",N,miles
473,Taylor Jones,373-33-2582,"PSC 0331, Box 8539
APO AE 21564",Y,miles
474,Kristin Benitez,614-11-2913,"2464 Nelson Gateway Apt. 915
Sellersfort, SD 62369",N,miles
475,Amy Goodwin,356-16-4781,"8662 Michael Cliff
Lake Hollyland, WI 14798",Y,hours
476,Victor Richards,055-04-6722,"PSC 8596, Box 3251
APO AP 32281",N,miles
477,Keith Olson,723-12-9706,"77049 Weiss Motorway
Markton, ID 00693",N,miles
478,Brett Carter,065-50-1183,"04456 Gibson Crossing Apt. 251
Lake Charlesview, OK 28167",N,miles
479,Michael Woods,071-06-5216,"1912 Ian Locks Suite 842
Frazierchester, WI 67922",Y,miles
480,Jesse Ortega,404-66-5926,"893 Ruiz Valleys
North Sara, FM 82139",Y,miles
481,Devin Christian,672-15-1931,"6178 Larry Falls
Cruzberg, ME 91185",N,hours
482,Phyllis Shaw,446-86-4861,"8885 Neal Crossroad
Christychester, PA 93241",Y,miles
483,Destiny Oneal,094-70-8576,"PSC 0266, Box 8923
APO AA 53514",N,hours
484,Michael Davis,669-53-4442,"8506 Tammy Valley Apt. 397
Jennifermouth, UT 75326",Y,miles
485,Amber Perry,690-81-9548,"95023 Erik Passage Apt. 325
Kerriborough, FM 68991",N,miles
486,Lisa Wang,826-09-2106,"5958 Warren Tunnel
Hernandezmouth, SC 09024",N,miles
487,Stephen Bradley,468-24-9856,"0471 Joseph Forest
South Keithtown, NV 51005",N,miles
488,James Sanders,137-09-5024,"170 Mary Garden Suite 053
Christophertown, VI 27971",N,miles
489,Derrick Cooper,789-57-9962,"8066 May Corners
Herringville, MO 95734",Y,hours
490,Kimberly Daniels,539-27-0021,"USS Baldwin
FPO AA 77126",Y,hours
491,Lonnie Guzman,537-75-5506,"715 David Fork Apt. 155
Diazshire, OH 04529",N,miles
492,Sara Olson,428-60-3665,"5286 Alexandra River Suite 975
Roberttown, MD 40436",N,miles
493,Mike Murray,514-54-8833,"USCGC Johnston
FPO AP 86797",Y,hours
494,James Sullivan,610-51-0263,"915 Amanda Rapids Suite 447
East Anthonychester, AR 54168",N,hours
495,Jeremy Edwards,791-27-4472,"73732 Foster Crossing Apt. 385
West Lauraview, NV 18230",N,miles
496,Melanie Freeman,570-24-6667,"758 Atkinson Court Apt. 779
Edwardfurt, ME 23385",N,miles
497,Joshua Brooks,418-05-3464,"555 Kyle Lodge Apt. 149
Brandonstad, NY 55953",N,miles
498,Adam Lee,114-31-1433,"288 Daniel Oval Apt. 522
Mortonberg, KS 81673",N,hours
499,Tricia Richards,402-23-5555,"535 Christina Common Apt. 507
Annaville, OR 52170",Y,miles
500,George Williams,319-98-7281,"631 Melissa Point
Ericbury, OR 52619",N,hours
501,Brian Clay,353-53-1123,"09042 Michael Ramp Apt. 189
East Elizabeth, MP 83109",N,hours
502,Gregory Le,451-37-1979,"51900 Brenda Lodge
Barnesfort, NV 77011",N,hours
503,Christopher Hinton,714-70-6660,"8318 Chad Prairie
Lake Sharonchester, VI 31217",N,miles
504,Peter Morton,524-75-9650,"USS Riggs
FPO AP 54779",N,miles
505,Gregory Scott,064-87-1228,"USNS Hutchinson
FPO AE 31968",Y,miles
506,Cindy Zhang,647-96-8452,"995 Morgan Common Suite 827
Port Valeriemouth, CA 84534",N,miles
507,Heidi Dorsey,803-01-0899,"163 Michael Mews
Port Janetmouth, NC 61475",N,hours
508,Suzanne Mann,102-51-0981,"798 Robert Junction
Haleyfurt, MO 03641",Y,miles
509,Jonathan Sexton,706-68-6886,"9914 Joel Park
Floreston, KS 12851",N,hours
510,Cindy Price,073-14-6747,"7265 Jeremy Circles
Hoffmanstad, UT 48698",N,hours
511,Sara Hunt,442-15-7345,"98110 Brian Run Apt. 220
Cortezview, SC 69552",N,miles
512,Edward Sharp,252-57-5266,"247 Gentry Plaza Apt. 633
Lake Christinetown, AR 33311",Y,miles
513,Christina Holloway,571-43-5873,"111 Green Manors Suite 249
Lisaview, AR 35692",N,miles
514,Vincent Howard,295-31-1835,"56425 Williams Court Apt. 409
Amandafort, KS 27138",Y,miles
515,Philip Ross,440-65-2774,"8416 Darlene Dale
Lake Samanthaborough, NM 16530",Y,hours
516,Julie Pena,153-79-5047,"00576 Freeman Lock Apt. 195
East Tiffanystad, NV 83303",N,miles
517,Jessica Williams,443-57-9139,"461 Steven Springs
East Anthony, NH 61051",N,miles
518,Jessica Peters,126-14-9122,"4751 Angela Mills
North Robertfurt, PR 89987",N,hours
519,Tracy Castillo,845-31-2354,"054 Taylor Circles
Peggyhaven, PW 76718",N,hours
520,Jaclyn Moore,602-89-9247,"Unit 1261 Box 9964
DPO AA 02237",N,miles
521,Lori Jackson,682-83-8099,"561 Carol Mission
Mooreton, GU 77857",Y,miles
522,Julie Sandoval,097-60-3685,"05585 Bryant Crescent Apt. 993
Lake Danielton, MS 06162",Y,miles
523,Robin Hamilton,741-85-7494,"73312 Jenna Meadow
North Jenniferberg, MO 35939",Y,miles
524,Evan Smith,598-48-3631,"398 Patel Locks Apt. 200
Allisonside, VT 27151",Y,hours
525,Cathy Alvarez,268-15-4816,"753 Shannon Creek
Blanchardland, VA 80639",Y,hours
526,Casey Good,322-06-2283,"9897 Moreno Lights
New Miguel, MA 40854",Y,miles
527,Wendy Ramirez,168-99-2701,"USNS Medina
FPO AP 97850",N,hours
528,Michael Wood,760-97-2221,"40511 Sherry Stream Apt. 653
Lisastad, AS 37894",N,hours
529,Robert Steele,079-74-7766,"4770 David Street Apt. 541
Yvonnemouth, NM 10408",Y,hours
530,Doris Rodriguez,584-92-2204,"959 Williams Well
Kevinberg, AR 12508",N,miles
531,Richard Jones,054-98-5659,"201 Tanya Burg Apt. 541
Port Michael, MD 37105",N,hours
532,Daniel Howard,421-79-3591,"64733 Joshua Plains Apt. 068
South Elizabethmouth, VA 94730",N,hours
533,Whitney Martinez,686-07-0873,"18072 Harris Trail
Kellyside, OK 96224",N,miles
534,Paul Taylor,269-51-6540,"97375 Michael Wall Suite 589
Lesliemouth, NE 20401",N,miles
535,Ashley Baxter,510-42-7091,"USNV Mckinney
FPO AA 00949",N,miles
536,Christopher Murphy,724-59-6962,"94075 Emily Crossing Suite 554
Munozshire, ND 66795",N,miles
537,Emily Gordon,488-61-5818,"2444 Christopher Forks Suite 496
West Lisachester, DE 34629",Y,hours
538,Wendy Hernandez,629-41-2668,"761 King Burgs
East Eric, NE 38055",Y,miles
539,Henry Ellis,043-21-9893,"38638 Pearson Village
Port Ronnie, NJ 91874",N,miles
540,Adam Griffin,035-12-3114,"51117 Smith Haven
Marquezmouth, AL 95963",N,hours
541,Thomas Acosta,039-91-2461,"008 Compton Walk Apt. 603
South Toni, WI 81204",Y,hours
542,Justin Willis,028-71-4891,"880 Johnson Knoll
Harrisonchester, WV 77881",N,hours
543,Mr. Paul Chan,831-43-7886,"USNS Jones
FPO AA 33559",Y,miles
544,Sara Cruz,745-06-4454,"0140 Schwartz Shoals Suite 603
Snyderbury, TX 58457",N,miles
545,Dennis Reed,193-68-7549,"82301 Campbell Street Suite 908
West Jacobside, NH 71890",N,miles
546,Kelly Peterson,575-71-1677,"962 Greene Island Suite 213
Nelsonbury, NE 30586",N,miles
547,Stacy Anderson,231-24-5625,"74005 Morgan Greens Apt. 142
Danielleburgh, NC 74011",N,miles
548,Susan Carpenter,658-20-3476,"PSC 5588, Box 6405
APO AE 38614",N,miles
549,Jason Diaz,425-78-5781,"5857 Stewart Common
Davisfurt, GU 59211",N,hours
550,Andrea Richardson,178-31-9168,"Unit 0585 Box 5990
DPO AE 08574",Y,miles
551,Joshua Wilkerson,411-85-9910,"961 Benjamin Mount
East Meganburgh, NJ 56899",Y,hours
552,Jamie Sims,303-81-7603,"2095 Bennett Walk
Lake Williamton, AL 32423",N,miles
553,Raymond Haynes,324-56-3056,"31646 Bauer Field
South Austinville, AK 83249",N,miles
554,Elaine Martin,822-33-0041,"7701 Mendoza Ford
Leroyside, AR 02733",N,miles
555,David Thomas,070-07-0308,"95894 Kathleen Lock
West Bonnie, CO 03931",Y,miles
556,Whitney Carr,211-89-1549,"8074 Teresa Prairie
Wilsonfort, VA 49284",Y,miles
557,Patrick Stanley,479-48-4614,"5553 Wilson Mews Apt. 927
Davismouth, WV 56771",N,hours
558,Debbie Mcbride,230-71-8586,"743 Mclaughlin Ports
Juanchester, CA 52145",Y,miles
559,Sara Foster,651-89-5215,"78319 Williamson Hollow Suite 699
Fischerfurt, SD 43502",N,hours
560,Jeff Moore,291-04-8160,"PSC 6055, Box 4898
APO AE 03366",N,miles
561,Kevin Holland,852-93-8658,"461 Daniel Village
Randymouth, NY 20526",N,hours
562,Michael Gibson,632-23-2064,"785 Jeffrey Row Apt. 066
Lake Nathan, RI 90777",Y,hours
563,Mr. Ryan Williams,054-78-5988,"880 Rowland Valley Apt. 393
South Keith, GU 34317",N,hours
564,Anthony Horton,474-70-3874,"7615 Samuel Field
New Angela, CT 79190",Y,miles
565,Thomas Holmes,306-28-4062,"060 Jacob Mill Apt. 175
Rileyton, IN 48076",N,miles
566,Douglas Rose,633-68-3179,"08837 Kimberly Drives Suite 417
Paulberg, AK 56272",Y,miles
567,Diana Perkins,426-77-0662,"9706 Raymond Mountains
New Raymondview, NY 15840",N,hours
568,Joel Sanchez,056-64-2763,"303 Jason Common Suite 987
Johnfort, DE 30909",Y,miles
569,Robert Valencia,551-40-4182,"8345 Robert Haven
Adamberg, AZ 77357",Y,miles
570,Sarah Medina,546-90-6313,"8304 Carlos Shoal
Port Alexandra, FM 02397",N,miles
571,Samantha Cross,035-90-0838,"48296 Morton Crossroad Apt. 508
Stevenview, NH 78386",Y,miles
572,Nicole Cline,852-24-4343,"43809 Emily Cove
Lake Barbaraview, DE 57756",N,miles
573,Brittany Flores,508-92-7658,"4092 Estrada Groves Suite 823
North Ashleymouth, FL 53367",Y,miles
574,Carlos Gonzalez,372-73-5685,"983 Matthew Village
Port Becky, NM 29534",Y,miles
575,Luis Curtis,523-55-4730,"227 Stone Station
Melissamouth, AL 58869",Y,hours
576,Mason Cohen,182-82-0815,"2569 Garcia Island Apt. 741
West William, MA 09233",Y,miles
577,Gloria Gutierrez,445-26-9643,"3076 Sanchez Lights Apt. 557
Steeleland, GU 28487",N,hours
578,Kim Gallagher,029-78-2840,"75054 Munoz Mountains Apt. 501
North Stephaniebury, NE 97540",N,miles
579,Janet Hansen,003-62-6330,"951 Mark Circles
Herreraville, VI 94306",N,miles
580,Toni Gonzalez,219-94-2382,"4151 Samuel Trace
Donaldfort, DC 94583",Y,hours
581,Anne Ferguson,106-57-3486,"830 Lisa Bypass
Santanastad, PA 34610",Y,hours
582,Scott James,176-77-4078,"56937 Sarah Ville
Connieland, MA 91982",N,hours
583,Stephen Padilla,817-27-5948,"257 Johnson Lodge Apt. 582
Stevenmouth, ND 05161",N,hours
584,John Kim,091-03-7474,"6333 Adams Tunnel Suite 860
Lake Lisa, FL 77492",Y,hours
585,Stephanie Alexander,219-32-8791,"Unit 6529 Box 5252
DPO AA 82556",N,hours
586,Michele Harrell,484-53-5339,"368 Antonio Road
South Lawrencebury, HI 36291",Y,miles
587,Jeanette Gomez,756-47-1682,"6261 Denise Bypass
Clarktown, SC 50491",N,miles
588,Luis Rodriguez,747-65-0809,"52252 Alvarado Crossing
East Rebeccafurt, NJ 85472",Y,miles
589,Tara Osborne,856-90-3313,"724 Martha Turnpike Apt. 123
Aarontown, AZ 58895",Y,hours
590,Valerie Campbell,187-32-4086,"519 Kim Junction
Port Kenneth, VA 59321",N,miles
591,Matthew Perkins,828-35-6545,"8263 Erin Terrace Apt. 994
Bowersfurt, WA 86010",N,miles
592,Sierra Carr,626-16-5147,"1200 Ortiz Keys
Andrewfurt, MI 40166",Y,hours
593,Michael Glover,163-29-2044,"8143 Scott Knoll Apt. 871
Port Alanbury, MA 33721",Y,hours
594,Bonnie Wilson,418-24-1612,"31688 Willie Ferry Suite 092
East Jennifer, KY 48475",Y,miles
595,Mary Martin,497-29-1447,"56456 Reginald Canyon
Walshberg, VT 85638",N,miles
596,Brenda Short,056-59-3737,"49029 Brian Fork Suite 530
Davisfort, IA 68446",N,miles
597,Jennifer Lawrence,651-68-0726,"7735 Hamilton Parkway Apt. 908
Port Linda, CT 69830",N,miles
598,William Herrera,554-37-2713,"168 Bennett Street
North Vincent, DE 30117",Y,hours
599,Andrea Parsons,303-33-0504,"766 Jennifer Corners Suite 214
Marshallburgh, NH 96549",Y,hours
600,Scott Cook,169-44-6685,"888 Wallace Branch Apt. 880
Deniseborough, UT 44708",Y,hours
601,Toni Bell,253-67-3152,"3755 Brian Crescent
East Taylor, TX 59009",Y,hours
602,David Powell,522-53-6123,"5166 Stephen Trail Suite 137
New Sarastad, VI 80704",N,hours
603,Joshua Gilmore,552-87-1753,"156 Henry Island Apt. 546
North Cassiechester, VA 88136",Y,miles
604,William Sullivan,577-87-0310,"379 Aguilar Meadows Suite 391
Lake Kellyside, SD 11425",Y,miles
605,David Garcia,422-40-4164,"2709 Bell Islands Suite 901
New Scott, MI 04216",N,hours
606,Jeremiah Ferguson,079-72-5465,"48868 Jackson Isle Apt. 020
Christophermouth, WV 13076",N,hours
607,Debra Oliver,323-84-0584,"08724 Jeff Turnpike Apt. 436
North Timothy, PA 61976",Y,miles
608,Rodney Sharp,726-27-4191,"3995 Alfred Plain
Johnathanborough, VI 03531",N,miles
609,Christopher Green,177-63-1540,"165 Yates Gateway Suite 979
Jasonmouth, MI 45583",Y,hours
610,Mitchell Livingston,718-83-2127,"539 Jeff River Suite 879
North Jessicamouth, PW 72495",N,miles
611,Breanna Goodwin,373-25-8794,"093 Philip Squares
West Erin, NY 47173",N,hours
612,Lynn Patrick,653-99-3440,"41934 Jennifer Center
Garyview, PW 06601",Y,hours
613,John Larson,180-23-2628,"Unit 8429 Box 4757
DPO AA 86555",Y,miles
614,Michael Bradley,624-69-6807,"16617 Teresa Plain
South Nancy, GU 69192",N,hours
615,Lance Giles,389-69-0897,"USNV Golden
FPO AA 32906",Y,hours
616,Christopher Perkins,016-57-9337,"USNS Meza
FPO AE 18751",Y,hours
617,Alexander Foster,339-28-6116,"68705 Janice Throughway Apt. 451
Hansenburgh, MH 38226",N,miles
618,Lisa Martinez,377-66-0906,"616 Warner Divide
East Charles, DC 43645",Y,hours
619,Heather Collins MD,092-13-2226,"30787 Emily Loaf Suite 462
Mendezmouth, OK 38199",Y,miles
620,Anthony Rowland,235-20-4225,"57567 Payne Tunnel Apt. 160
New Misty, MT 64066",Y,miles
621,Zachary Haas,838-37-2631,"684 Smith Park Apt. 649
Port Pam, KS 42556",Y,miles
622,Ashley Kane,347-66-9815,"637 Bruce Springs
South James, WY 41255",N,miles
623,Rebekah Kirk,560-07-0871,"86283 Deborah Groves
West Amyfurt, MA 14990",Y,miles
624,Patrick Jones,296-93-8951,"45190 Zamora Unions Suite 076
Marystad, WA 48747",Y,hours
625,Amy Flores,007-05-7544,"47397 Baker Village
West Andre, OH 29508",N,hours
626,Grace Murphy,509-28-7056,"Unit 9168 Box 6420
DPO AA 11026",N,miles
627,Carly Juarez,248-69-5985,"83674 Thomas Manors
Ericland, CA 49034",N,miles
628,Robert Buchanan,081-90-4682,"8899 Daniel Path Apt. 568
Port Cynthiaborough, NC 01800",Y,miles
629,Victor Garza,821-61-5893,"48846 Cohen River
South Marco, MO 24435",Y,miles
630,Lori Smith,642-42-4348,"2144 Sarah Mountain Suite 654
New Larryhaven, OR 45719",N,miles
631,Jaclyn Lyons,107-26-6956,"93310 Burch Drive
East Alicia, AS 98580",N,hours
632,Jordan Richardson,426-06-6207,"046 Evans Isle Suite 358
Melindastad, MA 57034",N,miles
633,Anthony Olsen,405-68-2245,"27596 Williams Drive Apt. 258
New Sarahfurt, MA 42401",Y,hours
634,Matthew Acosta,285-88-3420,"Unit 2632 Box 6548
DPO AE 42465",Y,hours
635,Karen Sloan,137-15-7492,"181 Laura Light Apt. 090
Josephburgh, NY 01999",N,hours
636,David Stephens,180-08-2213,"13580 Fields Wall
Allisonchester, MI 73333",Y,hours
637,Samuel Gutierrez,723-35-3994,"3422 Frazier Tunnel Suite 317
Snyderville, MD 45917",N,miles
638,Colin Nelson,835-23-4000,"USS Thomas
FPO AE 29935",N,hours
639,Debra Black,378-55-2640,"376 Gallagher Keys Suite 842
Goodmanstad, DE 99404",N,miles
640,Ryan Johnson,036-93-4016,"2188 Hayes Pines Suite 113
Mccallside, SC 99611",N,hours
641,Patrick Mcdaniel,516-24-8179,"PSC 2235, Box 9427
APO AE 16620",N,hours
642,Ryan Cobb,221-83-9933,"4271 Julia Passage Apt. 872
Carlsonstad, CO 52254",Y,hours
643,Penny Sexton,832-44-4048,"257 John Junctions Suite 024
North Brandon, WA 49871",N,hours
644,Wanda Ryan,027-94-4904,"4206 Webb Land Apt. 564
Burtonberg, AR 35441",Y,hours
645,Robert Burton,502-29-3023,"Unit 7096 Box 8691
DPO AP 30382",N,hours
646,Ann Haynes,419-65-9150,"59528 Kimberly Pass
New Dennisfort, WI 08464",N,hours
647,Jane Conner,588-76-4093,"42656 Warren Island Apt. 028
East Andrewland, KY 76483",Y,hours
648,Tyler Smith,290-96-3746,"09513 Frank Well Suite 977
Port Elizabethport, VI 44643",Y,miles
649,Richard Brown,285-02-1874,"6239 Austin Skyway
Timothyton, WI 42591",N,miles
650,Jacob Shields,817-50-6692,"282 Jeffrey Loaf Suite 549
Brianborough, NC 78669",Y,hours
651,Brandon West,041-56-7080,"68258 Spencer Ways
South Amy, ME 61279",Y,hours
652,Mary Greene,839-70-3077,"75398 Matthew Place Suite 568
Rachelport, OK 43805",Y,miles
653,Angela Jackson,697-93-0771,"22078 Vincent Locks
North Jeremiahmouth, UT 06691",Y,miles
654,Jose Hayes,731-92-0632,"8227 Fields Alley Suite 364
Josephfort, MN 07668",N,hours
655,Michael Adams,166-60-0685,"99560 Juan Throughway
Raymondville, IA 40558",N,hours
656,Tracy Hall,363-55-4929,"052 Christopher Rest
Erictown, MT 37833",Y,hours
657,William Richards,278-99-6249,"388 Michele Fork
Lanefurt, MO 60793",Y,miles
658,Mary Young,854-51-2665,"3000 Rogers Extension Suite 255
Derekberg, AZ 88767",N,miles
659,Kayla Smith,646-70-6648,"63404 Jodi Fields
New Maurice, RI 02016",N,hours
660,Beth Choi,118-68-4016,"023 Gonzalez Oval
Rachaelshire, KY 43287",Y,hours
661,Shawn Grimes,898-22-9034,"85703 Lauren Junction
South Danielle, OH 63815",Y,miles
662,John Mckinney,273-83-1204,"PSC 7964, Box 9224
APO AA 53603",N,hours
663,Kathy Carr,341-02-7200,"60061 Holland Mission Apt. 186
New Eric, VT 68065",N,miles
664,Julian Chang,755-96-5673,"9741 Jennifer Route Apt. 447
North Matthewmouth, ME 69180",N,miles
665,Mercedes Davis,065-44-9199,"33760 Griffin Key
Lake Jeffreyburgh, WA 23818",N,miles
666,Ethan Ho,444-81-0069,"96871 Mitchell Forks Suite 503
Pattonport, MD 45805",N,miles
667,Jamie Simmons,778-61-9503,"5440 Greene Rue Suite 725
South Nicole, UT 40881",N,miles
668,Brian Bernard,636-34-4305,"44425 Calderon Rue
Lake Cindy, VA 68628",N,hours
669,Sarah Nelson,713-58-4843,"202 Lisa Roads
Lake Antonioport, AK 88195",Y,miles
670,William Sanchez,857-62-0854,"18605 Jennifer Parkway Suite 503
East Brianview, KY 26453",Y,hours
671,Michael Johnson,297-63-7103,"6004 Jonathan Skyway Apt. 321
Robertsbury, GA 69118",N,hours
672,Charles Brandt,022-03-1031,"71916 Pham Trace Suite 405
Gomezburgh, IA 58418",Y,miles
673,Connie Leonard,672-36-0671,"162 Lisa Stream Suite 745
Johnchester, WY 22203",N,miles
674,Thomas Johnson,738-25-0040,"0595 James Freeway Suite 325
South Michaelside, DC 90449",N,hours
675,Kenneth Price,818-88-6409,"22559 Chavez Tunnel
Schmidtfurt, AR 14287",N,hours
676,Matthew Johnson,555-85-2963,"862 Brett Lakes
New Jason, PA 89518",N,miles
677,Rachel Burnett,792-97-1725,"5535 Glen Place
Charlesside, FM 14118",N,miles
678,Mary Bates,331-87-3373,"589 Rodriguez Flat Apt. 266
Berryshire, NV 90060",Y,miles
679,Sean Sanchez,503-10-3935,"9466 Brown Causeway
Triciahaven, CA 63538",Y,miles
680,Robert Young,114-43-1901,"4345 Bonilla Skyway
Debraberg, WA 03864",Y,hours
681,Nathan Yates,740-79-9947,"USCGC Wang
FPO AE 33626",Y,miles
682,Scott Nichols,876-82-4966,"2955 Eric Mission Apt. 618
Taylormouth, DC 51643",N,miles
683,Kayla Evans,141-11-0046,"747 Kimberly Drive
Lambmouth, UT 36367",Y,hours
684,Melissa King,488-46-5439,"844 Ryan Plaza
Kellystad, AZ 41341",Y,hours
685,Anita Hall,361-98-7133,"645 Phillips Mall Suite 063
Port Megan, MA 34292",Y,hours
686,Melissa Conner,453-22-3705,"5624 Wade Union Suite 199
Richardsview, PA 57941",N,hours
687,Sherri Hernandez,226-15-1917,"49130 Matthew Heights
Port Steven, PR 47303",Y,miles
688,Danny Adams,047-43-7845,"04978 Allison Wall Suite 487
Michaelhaven, TN 74061",Y,hours
689,Michael Byrd,597-97-1179,"0162 Long Manor
West Amandaport, NJ 33278",N,hours
690,Natasha Briggs,751-55-7141,"925 David Crossroad Suite 254
Port William, MN 81562",N,miles
691,Vincent Watson,537-60-7186,"3998 Timothy Knolls
Lake Jill, NM 95257",Y,miles
692,Kristen Davis,587-11-6276,"67411 Anthony Isle Apt. 939
Dennisview, NE 38012",N,miles
693,Kevin Richardson,030-30-1372,"4814 David Road Suite 925
Port Arthur, VI 52069",Y,miles
694,Michael Garcia,656-08-8448,"22763 Holloway Glens Suite 499
Mariatown, MT 56112",Y,miles
695,Christopher Hobbs,852-29-5200,"70838 Miranda Roads
Jenniferchester, CA 01843",N,hours
696,Benjamin Lopez,872-85-5740,"11324 Terry Track Suite 645
Calderonbury, KY 47735",N,miles
697,Rebecca Reeves,133-03-3657,"83382 Howard Forest
Zimmermanberg, WA 43934",N,hours
698,Travis Rodriguez,189-72-4552,"PSC 6073, Box 6673
APO AE 10427",Y,miles
699,Peter Jordan MD,023-35-0887,"733 Anthony Meadows Suite 354
Loriton, TN 53543",Y,hours
700,Christopher Strickland,104-86-2602,"Unit 9711 Box 9539
DPO AA 61092",N,hours
701,Jennifer Potter,640-66-2736,"USS Lara
FPO AP 61689",Y,hours
702,Jessica Caldwell,124-62-9182,"44475 Ruiz Rapids Suite 538
New Aprilmouth, PR 68446",Y,hours
703,Michael Young,108-03-7390,"30968 Austin Divide
Saundersberg, LA 77566",N,miles
704,Paul Hicks,292-59-2541,"66209 Scott Street
East Christinechester, IA 96274",Y,hours
705,Daniel Freeman,802-97-8273,"2334 Andrew Mission
Alexanderborough, DE 76043",Y,hours
706,Andrew Mcneil,216-02-2834,"901 Lopez Landing
New Helen, CT 76911",N,miles
707,Angela Hernandez,060-57-6047,"207 Rodriguez Trail
Scottside, WI 33250",Y,miles
708,Samantha Brennan,002-74-5546,"078 Sarah Shoals Apt. 204
East Sarahtown, PA 04436",N,hours
709,Dawn Herman,825-28-1339,"13759 Carpenter Trafficway
Port Dustin, WA 03249",Y,miles
710,Briana Bernard,146-70-7491,"957 Smith Prairie
Aguilarshire, NJ 21802",N,miles
711,Andrea Evans,394-34-0666,"4122 Richardson Walks
Sanchezland, NY 47009",N,miles
712,Wesley Brooks,479-38-4492,"670 Pope Coves
Port Shelley, KY 79095",Y,miles
713,Matthew Dawson,066-89-0944,"29310 Patricia Oval
Port Stacy, AL 20014",Y,hours
714,Gina Morrison DVM,670-78-0900,"441 Seth Centers Suite 194
South Bethany, AS 85710",Y,hours
715,Michael Gomez,221-64-7387,"75370 Sherman Stravenue
Jacobsonmouth, KY 13676",Y,miles
716,Troy Yang,209-50-3527,"69377 Snyder Canyon
Lake Michael, WI 94759",N,hours
717,Eileen Stevens,075-41-2460,"6572 Rocha Drives Suite 196
West Ashley, KS 82142",N,miles
718,Kenneth Rivas,184-95-9921,"PSC 9696, Box 7120
APO AP 56430",Y,hours
719,Susan Buck,791-14-7578,"242 Clark Courts
New Williamfort, KY 08716",Y,hours
720,Victor Bishop,467-62-5213,"5815 Joshua Village
North Andrewborough, FM 97235",Y,hours
721,Roger Horton,102-61-0264,"93196 Beltran Flats
East Kimberlyport, CT 76760",N,miles
722,Paul Simmons,644-42-6300,"05103 Bobby Land Apt. 036
North Michelleberg, NV 69737",Y,miles
723,John Ballard,317-68-6091,"80513 Ramos Roads Suite 407
Haynesborough, OR 63917",Y,hours
724,Victoria Newman,240-63-2500,"465 Simpson Greens Suite 361
Boydburgh, MD 53356",Y,miles
725,Daniel Munoz,061-86-3567,"83823 Garrett Points Suite 830
West Meganburgh, ME 13643",N,miles
726,Douglas Owens,591-76-0228,"5752 Robert Dale
Davidview, MS 70519",N,hours
727,Melissa Ward,492-73-6634,"3400 Pearson Mountains Suite 494
Josephmouth, CA 23276",N,hours
728,Jocelyn Cameron,224-68-1135,"53271 Courtney Lodge
East Joshuaton, NC 50142",Y,hours
729,Emily Willis,527-72-9733,"4745 Hopkins Viaduct
Grossmouth, NC 77342",Y,hours
730,Mackenzie Murphy,466-06-9169,"029 Jessica Cove Apt. 438
Aliciabury, OK 00541",N,miles
731,Samantha Torres,303-30-2116,"Unit 3611 Box 5368
DPO AA 31342",N,hours
732,Andrew Patel,374-54-6402,"04544 Bryan Coves
Evansshire, IA 45459",Y,hours
733,Nicole Robinson,321-37-2654,"656 Wright Track Suite 951
Jonathanmouth, SD 77434",N,miles
734,Danielle Herrera,459-03-5603,"3961 Christina Flat
South Connie, TX 55687",Y,hours
735,Becky Smith,517-49-4656,"6738 Dickson Trace Suite 907
New Barbarashire, NC 01012",Y,miles
736,Thomas Johnson,108-19-6678,"48340 Nguyen Club
South Patricia, CA 57482",N,hours
737,Hailey Yang,389-12-8863,"9892 Smith Tunnel Suite 708
Tracyhaven, AZ 34730",N,hours
738,Helen Wong,063-50-9348,"773 Anthony Wall
Sarahport, MI 17861",N,hours
739,Thomas Thompson,145-05-4792,"USCGC Yates
FPO AP 00686",Y,hours
740,Andrew Mack,878-01-2799,"PSC 4982, Box 3325
APO AA 08198",Y,miles
741,Cory Colon,695-71-3316,"7449 Conway Port Apt. 196
Smithburgh, NC 45260",N,hours
742,Scott Porter,404-56-6541,"038 Cruz Cove
Zacharyview, TN 59060",Y,miles
743,Thomas Wheeler,772-94-3898,"71638 Suzanne Brooks Suite 472
Andersontown, VT 34359",Y,hours
744,Mary Bradley,114-14-1124,"0453 Bryan Forest Suite 651
Williamsonfurt, FM 82403",N,miles
745,Jerome Bartlett,472-45-3445,"73851 Hawkins Way
Carrillofurt, KS 19977",Y,hours
746,Tyler Perry,514-41-9442,"274 Williams Spurs
Christineland, KY 16885",N,miles
747,Krista Zimmerman,372-38-9604,"2373 Jimmy Mountains
Jessetown, UT 45511",N,hours
748,Lori Simon,677-87-2137,"676 Martin Mission
Richardfort, FM 16178",N,miles
749,Lauren White DDS,109-20-3036,"USNS Mcgee
FPO AP 17180",N,miles
750,Adam Martin,173-57-9112,"0290 Mary Run
West Tinastad, WA 83844",N,hours
751,Rachel Goodman,453-21-0783,"Unit 5539 Box 9159
DPO AP 67378",N,miles
752,Jason Rodriguez,694-04-0703,"9252 David Fields Apt. 882
North Patriciashire, RI 72044",N,miles
753,Matthew Hill,243-37-4893,"03200 Martin Path
Saraville, DC 95990",Y,miles
754,William Young,122-22-7928,"4513 Mark Stream
New Sheri, PA 74915",Y,miles
755,Juan Smith,363-59-8170,"727 Massey Burg
Port Laura, AZ 43106",Y,hours
756,Daniel Ramirez,546-13-5409,"787 Tucker Spurs Apt. 612
East Debraside, WI 70313",Y,hours
757,Susan Coleman,801-71-1078,"0447 Robert Turnpike
Maryhaven, MT 23962",N,hours
758,Christopher Haas,362-10-4816,"844 Stacey Street
Berryburgh, GA 77090",Y,miles
759,Aaron Williams,814-77-0349,"105 Newton Mill Apt. 127
South Samanthaside, NE 53929",Y,hours
760,Carolyn Abbott,579-95-3270,"86037 Hawkins Villages Suite 273
Johnsonfort, AL 77155",Y,hours
761,Kenneth Reed,338-21-3501,"75415 Sierra Fall Suite 377
Anthonyville, WV 31065",Y,miles
762,Mandy Curry,036-35-1826,"5990 Shawn Dam
Port Aaronshire, CT 59142",Y,miles
763,Justin Johnson,586-63-4123,"780 Douglas Isle Suite 002
Nicholasview, RI 81941",Y,miles
764,Jordan Burns,616-53-2618,"286 Patricia Drives
Denisehaven, IL 35678",N,hours
765,Leslie Moran,790-78-2390,"52533 Phillips Manor
Oliviamouth, CO 53056",Y,hours
766,Jonathan Lee,107-24-2534,"932 Wright Road
South Kathy, IA 83486",Y,hours
767,Alexandra Horn,589-14-0120,"83212 Stephen Burgs
West Amandamouth, MA 77754",Y,hours
768,Daniel Keller,362-75-3801,"486 Estrada Green
Port Brucefort, ND 63731",Y,miles
769,Shannon Jenkins,625-58-7317,"69571 Wiggins Corners Apt. 065
Port Megan, MH 49975",Y,miles
770,Madeline Mckenzie,778-17-0894,"07340 Hicks Terrace
Lake Autumn, OK 25962",N,miles
771,Thomas Ortiz,649-29-7802,"593 Morales Route
East Briannachester, TN 28865",N,miles
772,Michelle Rivera,867-93-9190,"125 Mcconnell Village Apt. 211
East Scotthaven, NJ 07104",N,miles
773,Martin Hicks,469-65-9864,"15443 Christine Avenue
Rosschester, AZ 08404",N,hours
774,Nicholas Rivera,038-10-4048,"Unit 9407 Box 2238
DPO AP 53274",Y,miles
775,Heather Kelly,538-20-1568,"707 Johnson Freeway Apt. 828
Port Timothyview, TX 07469",N,miles
776,Billy Clark,383-54-2664,"Unit 7408 Box 3563
DPO AE 34674",Y,hours
777,Tara Stokes,816-30-7334,"350 David Brooks Suite 540
Port Catherineborough, RI 46760",N,hours
778,Randy Garrett,573-79-6050,"9707 Newton Point
Jaredmouth, MH 25724",Y,hours
779,Mrs. Megan Gross,158-79-4292,"411 Marissa Meadow
Brewerbury, MA 92064",N,hours
780,Micheal Rasmussen,542-66-6373,"USCGC Hunt
FPO AE 36996",N,miles
781,Sherry Malone,558-25-4641,"448 Lindsay Corners
Racheltown, AZ 48174",N,miles
782,Jennifer Newman,587-98-9112,"245 James Dale Apt. 694
South Christina, WY 73215",Y,hours
783,Mr. Joseph Mcintosh,740-51-1191,"PSC 3574, Box 3358
APO AP 25279",N,hours
784,Bridget Alexander,242-45-7211,"6912 John Court
North Wandafort, TX 83123",Y,hours
785,Brandon Parks,801-52-8504,"662 Christine Grove
Alexanderfurt, GU 18765",Y,hours
786,Michael Henry,411-95-7893,"6268 Powell Throughway Apt. 334
Davidton, MP 89511",N,miles
787,Billy Ramirez,296-67-6995,"8915 Scott Lakes
West Kevinchester, OH 32196",Y,miles
788,Erin Pruitt,314-98-3594,"40490 Mendez Harbors
Lisashire, SD 85224",Y,miles
789,Veronica Parker,832-77-4921,"81983 Brianna Isle Apt. 904
Oconnorland, VA 56607",N,miles
790,Rachel Bradford,593-19-5057,"Unit 3708 Box 4825
DPO AP 85170",N,hours
791,Anthony Smith,224-07-0615,"535 Robbins Glen
Nelsonburgh, WV 84380",N,hours
792,Joseph Adams,846-43-0241,"939 Cordova River Suite 002
New Robert, WV 22646",Y,miles
793,Jeffery Martin,229-07-9389,"2163 Fry Bypass Apt. 393
Shannonborough, RI 96570",Y,miles
794,Margaret Hill,443-42-8074,"045 Parsons Walk
Amandashire, MT 12145",Y,hours
795,Ashley Davis,830-77-2508,"210 Michelle Fall
Lake Craig, ID 57876",N,miles
796,Brittany Lee,481-14-7671,"390 Hubbard Drive
Alexandraport, MI 92726",Y,hours
797,Todd Rose MD,470-45-0804,"284 Richard Parkways Suite 276
Staffordbury, ID 91573",N,hours
798,Garrett Nelson,013-56-9139,"USCGC Miranda
FPO AA 46848",N,hours
799,James Rodriguez,788-47-0932,"5653 Christopher Roads
Hicksburgh, NH 10631",N,hours
800,Paula Kaufman,683-04-9954,"827 Christopher Point Suite 300
West Holly, ME 78739",N,hours
801,Dylan Harrington,813-10-0038,"54874 Myers Springs
South Courtneyburgh, ID 08280",N,miles
802,Emily Coleman,050-81-0076,"166 Bobby Walks Apt. 645
Lake Valerie, MH 79758",N,miles
803,William Trujillo,527-72-6487,"Unit 3121 Box 0639
DPO AE 23440",N,hours
804,Brittany Hawkins,243-16-9174,"USS Williams
FPO AE 11126",N,miles
805,Cynthia Snyder,471-46-1647,"USNS Hanna
FPO AA 31129",N,hours
806,Dustin Guzman,158-87-4858,"363 Phillips Land Apt. 216
South Melissa, SC 12217",N,miles
807,Daniel Paul,832-68-2162,"7416 Nicole Via
Jamesville, AK 03885",Y,miles
808,Charlotte Hughes,234-38-9104,"Unit 4908 Box 0398
DPO AA 56858",N,hours
809,Kevin Davis,127-36-0139,"874 Brooke Shoal Apt. 552
Riosshire, MI 16895",N,hours
810,Julie Cox,191-31-1926,"2751 Thomas Passage
East Tracytown, WI 42203",N,hours
811,James Gardner,264-43-1283,"695 Eric Islands
Feliciachester, CO 43239",N,hours
812,Gary Williams,796-56-2475,"5059 Stephanie Extension
West Carl, VI 14886",Y,miles
813,Paula Murray,525-04-9223,"5761 Collins Groves Apt. 241
Tylerborough, OK 89730",N,miles
814,Carolyn Davis,026-37-4223,"25530 Harper Way
West Kristenville, UT 36660",Y,miles
815,Vanessa Murray,030-70-0536,"125 Nelson Inlet
North Elizabeth, MI 83567",N,miles
816,Christopher Morales,079-06-4642,"0657 Fields Radial
East Williamborough, MO 82898",N,hours
817,Mr. Ryan Johnson,813-95-1703,"9430 Andrew Canyon Suite 556
Duarteview, NJ 14161",N,hours
818,Theresa Velasquez,617-74-8742,"0174 Woods Well
Hughestown, TN 27814",N,hours
819,Daniel Coleman,030-13-8587,"9636 Jennifer Ridge
Rayberg, CT 60306",Y,miles
820,Jason Malone,634-86-6906,"USCGC Reed
FPO AP 13175",Y,miles
821,Jason Gordon,683-22-6222,"4227 Michael Coves Suite 286
Lucasbury, CO 57998",Y,hours
822,Lisa Phillips,233-49-2072,"567 Heather Rue Suite 410
Guerreroland, NH 40506",N,hours
823,Katelyn Martin,356-30-9084,"0683 Morales Brooks
Perezborough, MN 07082",Y,miles
824,Jose Wolf,047-20-1602,"3211 Jean Path Apt. 611
East Mark, GA 81337",N,hours
825,Steven Dunn,237-75-9670,"293 Thomas Station Suite 142
North Elizabeth, CO 02350",N,miles
826,Kristen Hatfield,704-93-4026,"7975 Michael Ferry
West Meganmouth, KY 59527",Y,hours
827,Susan Olson,734-13-9711,"56430 Cardenas Lodge Apt. 399
Edwardport, PR 90661",Y,hours
828,Kelly Mitchell,242-62-7495,"978 Chapman Walk Suite 670
Michaelport, AZ 51295",N,miles
829,Michelle Cole,172-33-9232,"0494 Brandon Extensions
West Kimberlyburgh, OH 38634",N,miles
830,Alan Lee,864-23-4165,"57086 Hardin Branch
South Anthony, LA 38489",N,hours
831,Mark Elliott,739-06-9824,"82590 Jones Heights Apt. 103
East Rebecca, LA 42043",Y,miles
832,Alison Ochoa,305-30-9313,"0920 Johnson Fields
Montesfort, SC 73033",Y,hours
833,Julie Lucas,304-52-3505,"2324 Miller Center Suite 158
Kristinville, NM 45270",Y,miles
834,Henry Martin,532-52-4677,"80449 Trevor View Apt. 728
Youngbury, NM 93948",Y,hours
835,Amanda Ward,328-45-9933,"0202 Tyler Burgs Suite 599
Castilloview, KY 78897",Y,hours
836,Lisa Barker,871-82-3761,"544 Cook Passage
West Timchester, AS 50169",N,hours
837,Ashley West,841-95-2618,"7565 Bailey Underpass Suite 227
East Sara, DC 74696",N,miles
838,Christina Gray,326-42-7703,"64016 Joseph Plaza
Leeland, IN 69702",N,hours
839,David Caldwell,895-33-7452,"286 Ryan Fields
South Erikside, NC 12602",Y,hours
840,James Perry,860-76-6857,"317 Justin Knoll Apt. 623
New Danielshire, NE 96037",Y,hours
841,Rachel Gallagher,487-85-5083,"250 Alexis Station
Lake Robert, NJ 77559",Y,hours
842,Connie Harrison,110-86-3146,"0622 Eric Island Apt. 723
Bryanville, NC 13952",Y,hours
843,Mark Humphrey,663-59-3084,"51000 Henry Mall
Kaylafurt, DE 18888",N,miles
844,Michele Perez,467-78-2967,"465 Fisher Brooks Apt. 482
Hartmanshire, NJ 23188",N,miles
845,Laura Morales,595-54-1708,"648 Jeffrey Heights
Wintersstad, DE 91419",N,hours
846,Sierra Clark,806-88-4967,"8305 Gibbs Roads Suite 164
Lake Andrew, ME 52325",N,miles
847,Elizabeth Stone,622-22-4819,"196 Julie Parkways
Hallbury, MT 39994",N,hours
848,Emily Ross,055-48-9605,"051 Brianna Lane
New Ariel, OK 34007",Y,hours
849,Heather Valencia,153-50-7373,"89935 Lewis Knolls Apt. 918
North Samanthaburgh, CO 24533",N,hours
850,James Mann,062-24-1929,"938 Ashley Harbors Suite 316
Silvaberg, SC 02876",N,hours
851,Evan Lewis,006-45-6443,"3860 Lamb Drive Suite 290
Port Jonathan, AK 32760",Y,hours
852,Latoya Navarro,115-48-4208,"193 Jonathan Valleys Apt. 089
Timothytown, WV 77911",N,hours
853,Amy Randolph,261-45-3809,"69932 Morris Pine Suite 488
North Jessicaville, DC 01509",Y,miles
854,Mr. Joshua Lowe,367-38-4975,"761 Martin Meadows
Nunezside, UT 61391",Y,miles
855,Jessica Hernandez,542-69-9564,"PSC 6991, Box 2897
APO AE 28254",N,miles
856,Gabriel Smith,016-72-0597,"USNV Frazier
FPO AP 29962",Y,miles
857,Misty Taylor,109-10-4028,"Unit 1014 Box 8290
DPO AE 52630",Y,miles
858,Gregory Walsh,483-48-5640,"871 Parker Pines
South Jessica, GA 28598",N,hours
859,Matthew Mills,053-20-5332,"86206 Carl Orchard
Gordonview, UT 44310",Y,hours
860,William Mercado,135-59-8536,"36030 Robert Estate Suite 691
Sandersland, TX 90838",N,hours
861,Sandra Thomas,728-15-9484,"6602 Powell Stream Apt. 987
Sarahshire, RI 33311",Y,miles
862,Kenneth Benitez,597-05-8756,"09614 King Islands
North Jeffrey, PA 49604",Y,hours
863,James Gould,406-94-1581,"858 Jason Court
Lake Christopher, PR 99901",N,hours
864,Dylan Burch,471-06-0758,"635 Valdez Courts
Lake Kimberlyfurt, OH 84307",Y,miles
865,Martin Nguyen,011-49-5959,"Unit 6370 Box 3609
DPO AE 47621",N,miles
866,Jessica Mcpherson,115-20-7712,"Unit 5317 Box 1213
DPO AP 18283",N,hours
867,Ashley Johnson,153-77-6928,"832 Thomas Prairie Suite 812
Andrewfort, UT 94688",Y,hours
868,Allen Glover,081-09-3775,"970 Lawson Coves
Allisonburgh, MS 96559",Y,miles
869,Brooke Conrad,640-02-9713,"714 Martinez Mount Apt. 860
Port Thomashaven, IL 28915",N,hours
870,Donna Newton,559-73-8434,"89638 Jeffrey Squares
Baldwinmouth, NV 59443",N,miles
871,Scott Reed,534-94-1793,"40171 Lisa Islands
Matthewtown, MH 71141",N,miles
872,Carolyn Osborne,768-85-7523,"75439 Megan Green
Mcneilmouth, NJ 71717",N,hours
873,Melinda Palmer,112-80-2625,"72350 Hughes Port Suite 278
West Davidburgh, PW 23600",N,hours
874,Dr. James Ball,638-30-0442,"13796 Holmes Cape
Louismouth, ME 28026",Y,hours
875,Danielle Johnston,747-41-3448,"15762 Huerta Lodge
Port Keith, GU 87933",Y,hours
876,Lance Brown,634-43-7475,"PSC 2954, Box 5689
APO AA 35282",Y,hours
877,Mary Moody,274-23-6894,"077 Gary Crescent Suite 668
North Thomas, OH 79936",N,hours
878,Garrett Hall,158-93-1962,"4739 Thompson Valley Suite 856
West Jennifershire, HI 86387",N,miles
879,Javier Dorsey,842-79-0099,"0201 Jackson Forest Apt. 432
Gonzalezside, IL 39040",Y,miles
880,Timothy Manning,243-55-9551,"064 Clarence Grove
East Christina, NH 67305",Y,miles
881,Sydney Scott,263-32-8862,"224 Mary Walks Suite 484
Hornfort, WA 57334",N,miles
882,Gina Williams,007-51-8182,"142 Casey Cove
Perezport, MA 98930",Y,hours
883,Mr. Derrick Arellano,805-47-0503,"24951 Bender Summit Suite 486
Williambury, FL 45549",N,hours
884,Leah Davis,832-49-0575,"96991 Angela Causeway Apt. 684
Clarkfurt, ID 46938",Y,hours
885,Briana Hunt,819-39-2071,"PSC 2796, Box 4859
APO AA 76399",Y,hours
886,Blake Anderson,494-27-8490,"081 Andrade Shoals Apt. 052
East Nathan, GU 64022",N,miles
887,Nicole Little,189-90-8206,"238 Lisa Springs
Lake Kelli, TX 86792",Y,miles
888,Joshua Diaz,491-98-6324,"682 Howard Keys
East Melissaport, WA 67236",N,miles
889,Shelia King,376-50-3112,"753 Kimberly Station
New Colleen, VI 21811",Y,hours
890,Thomas Haynes,517-04-9221,"938 Walker Freeway Suite 468
Lake Annside, LA 83982",Y,miles
891,Stephanie Peterson,627-51-9636,"7482 Rivera Oval
Port Edward, WI 36996",N,miles
892,Megan Shaw,269-99-9726,"6368 Bradley Burg
Mirandafurt, MT 96316",Y,miles
893,David Stephens,418-43-4044,"5395 Aimee Greens
Marisamouth, DC 44042",N,miles
894,Joseph Mendoza,083-92-5625,"7589 Mark Shoals Suite 184
West Heatherport, PW 54895",N,miles
895,Christopher Johns,327-32-5865,"1189 Robert Light
Huntstad, NY 61216",N,hours
896,Mr. Eugene Morrison III,847-86-7832,"781 Floyd Pines Suite 250
Jamiestad, MI 05633",N,hours
897,Ricardo Wallace,636-26-6390,"96286 Michele Grove
Port Cameron, AZ 99444",N,miles
898,Judith Atkinson,539-43-3991,"5913 Murray Corners
Lake Stephanieton, AS 23820",Y,hours
899,Nathan Arnold,395-76-7284,"85716 Christina Walks
Lake Elizabeth, AK 12053",N,hours
900,Christina Estes,055-47-9085,"7166 Steven Hollow
North Elizabeth, FL 67931",Y,hours
901,Terry Padilla,012-82-1696,"0848 Bonnie Gardens Suite 153
North Phillip, GA 25409",N,hours
902,Larry Wilson,754-93-5435,"405 Laura Hollow
Amandamouth, MI 83831",Y,hours
903,Christina Chan,043-12-7387,"207 Carrie Lodge
North Kelly, KS 71871",Y,hours
904,Devin Callahan,055-56-4685,"6711 Tiffany Ports Apt. 389
New Richardland, GU 47809",N,miles
905,Melissa Perez,040-93-6560,"9287 Miller Lights Suite 302
Brendaberg, PR 38909",N,hours
906,Patrick Osborne,314-30-4901,"6229 Welch Stravenue Apt. 889
Paultown, OH 59556",N,miles
907,Tyler Freeman,128-43-2688,"4847 Spencer Mews
West Wendychester, KY 23907",N,miles
908,Joshua Arias,889-64-1851,"329 Megan Coves Suite 752
Lisamouth, AL 39774",N,miles
909,Michael Reynolds,168-21-6787,"664 Ward Flat
Deniseberg, MP 86418",Y,miles
910,Brenda Rodriguez,250-40-1020,"3076 Joshua Overpass Suite 726
East Eric, OH 13167",Y,hours
911,David Davila,468-36-0495,"5336 Walker Junctions Suite 380
Danielshire, VI 69792",N,hours
912,Meagan Smith,499-49-6079,"01092 Mitchell Via
South Michealshire, NC 60019",Y,hours
913,Tabitha Yates DDS,111-84-1442,"7075 Rivera Alley
East Patrickstad, TX 58150",N,miles
914,Joshua Calhoun,574-47-7394,"786 Jeffrey Drives
New Cynthia, MA 27020",N,hours
915,Alexander Fernandez,640-56-3936,"08340 Decker Plain
East Brenda, FM 37661",Y,miles
916,Amanda Davis,494-38-7414,"8564 Coleman Forge Suite 529
Jessicaville, AL 17976",Y,miles
917,Rebecca Potts,850-08-4608,"Unit 2531 Box 0038
DPO AE 72093",Y,hours
918,Dale Chambers,674-46-4040,"06834 Sarah Grove Suite 828
Dominguezmouth, VI 61033",Y,hours
919,Joshua Nguyen,731-01-8511,"17783 Lang Gardens
Garciaton, NE 00530",N,miles
920,Kim Blanchard,099-62-5981,"62550 Morse Squares Suite 724
West Laura, VT 98765",Y,hours
921,Christina Stewart,605-53-9339,"Unit 8991 Box 7912
DPO AP 55757",Y,miles
922,Randy Fuller,068-19-1591,"PSC 3677, Box 5231
APO AA 17359",Y,miles
923,Robert Leach,377-99-7297,"467 Becky Forest Suite 764
Grahamtown, OK 16533",Y,hours
924,Nathan White,473-62-3687,"29776 Kyle Spurs
South Eugeneview, MS 79689",N,hours
925,Michele Harper,291-17-6816,"56976 Robert Village
Mitchellfort, NJ 17766",Y,hours
926,Frank Watson,049-84-5388,"PSC 3071, Box 6548
APO AE 96941",Y,hours
927,Dr. Robert Hess,551-94-4143,"006 Alexis Brooks
South Natasha, TX 80914",Y,miles
928,Christopher Wallace,527-92-0802,"4910 Ramos Skyway
Lake Stephanie, KS 54709",N,hours
929,Natasha Collins,489-43-2483,"5048 Acevedo Tunnel Suite 443
East Richard, FL 26228",Y,hours
930,Zachary Clark,393-83-4539,"7952 Williams Springs Apt. 183
Riveraburgh, TN 35151",N,miles
931,Lydia Smith,113-90-4192,"54366 Yolanda Villages
West Jerryview, MP 27875",N,miles
932,Scott Levine,360-42-8948,"USS Henderson
FPO AP 63121",Y,hours
933,Dylan Hester,761-29-1026,"71731 Williams Courts
Michaelfort, MH 08139",N,miles
934,Louis Myers,551-61-5662,"2918 Heather Rue Apt. 853
East Jessica, MD 70126",N,miles
935,Neil Kelly,785-54-0017,"3200 Hughes Drive
Lake Kayla, KY 26666",N,miles
936,Mrs. Donna Lamb DVM,426-22-9289,"976 Franklin Cape Apt. 394
Lake Wanda, PW 94564",Y,hours
937,Marilyn Mclaughlin,868-87-7782,"7382 Scott Via
East Travis, NY 50343",Y,hours
938,Paula Turner,297-31-4779,"055 Smith Ranch
Lake Julieborough, PR 78712",Y,hours
939,Julie Dominguez,645-02-3351,"9090 Allen Rapids Apt. 525
South Sean, SD 35934",N,miles
940,Mary Ball,644-93-4528,"855 Neil Motorway
East Reneeville, KY 41356",Y,hours
941,Patrick Martin,559-37-5283,"88648 Bush Row
East Craigton, MH 98684",Y,hours
942,Cindy Butler,839-29-5617,"971 Brittney River Apt. 242
West Jennifer, MS 33116",N,hours
943,Teresa Alexander,499-12-0086,"82968 Donald Vista
North Nicole, NV 40323",Y,hours
944,Patricia Gonzales,593-52-4102,"4851 Lisa Alley
South Danaville, FL 85504",Y,hours
945,Jennifer Chen,753-63-7774,"0153 Brown Valley Apt. 543
South Markstad, TX 43537",N,hours
946,Christian Robinson,695-61-1613,"09659 Johnson View
Lake Lisastad, KS 73919",Y,hours
947,Joshua Reyes,041-06-4140,"18374 Samuel Gardens
Michellefort, MH 90798",N,hours
948,Yolanda Perez,507-86-8061,"442 Taylor Forges Apt. 929
Starkton, PA 82532",N,miles
949,Jessica Dickerson,372-32-1191,"4025 Amanda Villages Suite 748
New Erikton, RI 23649",Y,hours
950,Nicole Barber,041-07-1294,"924 Jackson Knoll Apt. 347
East Lisaton, VI 99537",Y,miles
951,Christopher Snow DVM,392-85-3632,"24164 Palmer Points
Nortonstad, NE 68535",Y,hours
952,Hayden Jones,016-63-7910,"PSC 7484, Box 0147
APO AP 11582",N,hours
953,Mr. Samuel Huynh,080-09-9051,"4775 Bishop Highway Suite 440
New Heatherside, MP 92773",N,hours
954,Kelly Lawrence,299-82-3905,"83311 James Radial
Port Ryanton, NH 63465",N,miles
955,Tammy Lee,112-34-8825,"2999 Robert Ports
New Larry, IA 44546",Y,hours
956,John Berry,232-82-7255,"338 Salinas Pike
North Daniel, MI 44465",N,hours
957,Lisa Davis,627-43-4856,"1255 Smith Trail Suite 438
East Devin, NE 36347",Y,hours
958,Ryan Henry,490-62-2836,"29280 Austin Tunnel Suite 589
Dylanton, AZ 70161",N,miles
959,Danielle Baker,340-22-2085,"24408 Peter Ford Apt. 886
Herrerafurt, CA 84202",Y,miles
960,Sharon Jones,136-44-1100,"943 Henry Viaduct
Joshuahaven, NV 85581",Y,hours
961,Sandra Martinez,169-21-8247,"PSC 4533, Box 6696
APO AP 23464",Y,hours
962,Tabitha Eaton,090-53-9520,"3750 Lindsey Meadows Apt. 474
Port Angela, GU 32511",N,miles
963,Kimberly Arroyo,772-67-8018,"1202 Mcclure Trail Apt. 524
New Jared, PR 11909",N,hours
964,Tammy Gilbert,634-50-4149,"03805 Vega Village Apt. 579
New John, PA 44071",Y,miles
965,Joshua Smith,712-29-5135,"183 Courtney Loaf
Port Brenda, AS 22095",Y,miles
966,Randy Palmer,417-07-5959,"5361 Nunez Stream
New Nathanbury, SC 32199",Y,miles
967,Darlene Elliott,427-34-2301,"52625 Destiny Village
Jonesport, PW 55047",N,hours
968,Angel Williams,562-14-1031,"41689 Tammy Viaduct
Anthonyport, MA 71624",N,hours
969,Blake Owens,272-88-8748,"891 Betty Extensions
West Leslie, NE 36686",Y,hours
970,Nicole Jimenez,067-01-1969,"624 Sexton Terrace Suite 682
South David, WA 61772",Y,miles
971,Brandy Gonzalez,436-93-8514,"8633 Lori Lake
Howardstad, NY 22838",N,hours
972,Daniel Cox,155-34-8050,"41630 Jared Mountains Suite 126
Mezaview, MN 97571",Y,hours
973,John Green,609-25-8389,"967 Crystal Junctions
Gutierrezland, MI 21894",N,miles
974,Sharon Edwards,209-24-1811,"984 John Stream Suite 255
Morrismouth, VI 33222",N,miles
975,Sheena Alexander,681-27-3077,"35265 Miller Via
Jeremiahhaven, LA 35986",Y,miles
976,Dr. Christopher Hawkins,143-57-3635,"6800 Shaw Flats Apt. 995
Janetberg, AS 22358",N,miles
977,Kaitlyn Johnson,513-56-6921,"542 Michael Highway Suite 209
Kingstad, FM 01033",N,hours
978,Steven Cochran,686-16-2463,"40872 Fernandez Islands Apt. 178
Amandatown, NM 07524",Y,hours
979,Dennis Craig,884-30-3924,"361 Fowler Cliffs
Owensshire, AR 93424",N,hours
980,Kaitlyn Perez,514-60-6609,"16150 Adrian Locks
Lake Brooke, KS 67360",Y,miles
981,Steve Bell,310-55-0684,"7749 Lee Gateway
Whiteheadmouth, MN 58639",Y,hours
982,Anthony Patel,705-14-5534,"37873 Martinez Lakes Suite 750
Wilsonfurt, DC 09460",Y,hours
983,Adriana Payne,682-33-7370,"69254 Willis Forges
Henrybury, KY 36854",N,hours
984,Tracy Owens,744-76-7939,"31493 Melissa Forks Apt. 668
North Joanna, NV 51998",N,hours
985,Sean Smith,887-41-3905,"7929 Christopher Expressway
East Gregory, DC 35803",Y,hours
986,Heidi Rodriguez,540-41-6980,"63195 Reeves Ways
West Racheltown, OK 54648",Y,miles
987,Kimberly Peterson,428-20-5433,"13692 Benjamin Dale Apt. 572
Jamesview, GU 30494",Y,hours
988,William Doyle,636-02-2661,"822 Krystal Land
West Shawn, NH 15891",Y,miles
989,Kimberly Kennedy,341-77-6565,"613 Vega Centers
Maryfort, PW 45703",Y,hours
990,Peter Garcia,004-31-3433,"0790 Cole Pass
Lopezstad, IL 99466",Y,miles
991,Nicole Gonzalez,114-64-3989,"51696 Rhodes Gardens Apt. 081
Hillshire, MT 78538",N,miles
992,Michael Moyer,128-12-2037,"02786 Shaw Gardens Suite 804
Frederickville, PA 17711",Y,miles
993,Zachary Martinez,603-52-8121,"9342 Angela Vista
Port Christopher, MA 92006",Y,miles
994,Adam Davis,302-47-8171,"1304 Paul Way Apt. 394
Port Karen, MP 88455",N,miles
995,Catherine Farmer,749-03-5397,"63486 David Radial Apt. 886
Raymondside, VI 48354",Y,miles
996,Marvin Martinez,026-56-2600,"657 Maria Loop
East Sheilafurt, KS 70171",N,miles
997,Benjamin Saunders,604-07-9996,"4321 Adams Ridge Apt. 256
Richardton, ID 86613",Y,hours
998,Marcus Roy,616-41-5903,"8885 Wilson Mission Apt. 620
North Scottside, AK 64947",Y,miles
999,Lori Brennan,380-51-4360,"885 Kim Dale
Sanchezland, UT 68351",Y,hours
1000,Belinda White,120-09-3128,"0400 Murphy Mission Apt. 359
Lake Judith, VA 41991",N,miles
1001,Melanie Wells,402-28-5035,"639 Elliott Islands Suite 287
Andersonmouth, MD 51239",N,hours
1002,Dr. Michele Martinez,828-87-4277,"529 Joel Plaza
Kerrfort, ID 58285",N,miles
1003,Kelly Nichols,135-68-2149,"1376 Melissa Village Suite 566
Brandonborough, VI 67057",Y,hours
1004,Michael Raymond,675-20-1355,"7274 Wesley Park Suite 177
Lake Haley, WA 66366",N,miles
1005,Tracy Reynolds,220-02-4836,"41223 Suzanne Lodge Suite 738
Lake Paula, TN 43831",Y,miles
1006,Rebecca Tyler,798-29-0077,"USNS Krueger
FPO AP 17932",N,hours
1007,Breanna Graham,292-43-9312,"0414 Cummings Estate
Lynchport, KY 80676",N,hours
1008,Linda Gordon,301-84-8197,"374 Ronald Fort
Port Taylor, WA 51436",N,miles
1009,Lisa Miller,483-08-2301,"8506 Kelly Route
Whiteville, PW 68488",N,hours
